1,offer
2,informational
3,japan
4,july
5,narrative
6,pictwittercomsq8cjt4y69
7,firmnnnetflix
8,modest
9,look
10,profit
11,incnnin
12,sunday
13,possibly
14,td
15,sherri
16,ballpark
17,incentives
18,described
19,contacts
20,unexpected
21,streams
22,issuesnnto
23,majority
24,compromised
25,expanded
26,hitting
27,getting
28,foreign
29,clearly
30,revenues
31,awarded
32,constitutes
33,macotakara
34,serveraccording
35,storesm
36,significantlynn43
37,eps
38,steve
39,recognize
40,diverge
41,lead
42,forecasts
43,scenario
44,breakdown
45,stores
46,sharecash
47,damaged
48,pocket
49,peers
50,marknnthat
51,yearnnaccording
52,incremental
53,heightsnnon
54,scheme
55,sluggish
56,cooperation
57,exists
58,story
59,bad
60,adjust
61,glance
62,forthcoming
63,featurennnext
64,initiating
65,rollout
66,finished
67,infrastructure
68,professional
69,ecommerce
70,press
71,barcelonannfeatures
72,webbased
73,pipe
74,lowend
75,prototypes
76,downloadsnnthough
77,share
78,multiples
79,cyclical
80,benefits
81,senior
82,accurately
83,former
84,nntipranks
85,preliminary
86,live
87,shortnnalready
88,hefty
89,nnstreetauthority
90,integral
91,safetynnputting
92,lowest
93,seeks
94,tradennapple
95,solely
96,talent
97,stable
98,heard
99,overcome
100,differentnnthis
101,gating
102,magazine
103,enterprise
104,lookup
105,pair
106,condition
107,feasible
108,growthnnsource
109,inspiration
110,rent
111,concern
112,revolutionized
113,screens
114,ministry
115,security
116,touting
117,cboe
118,indefinitelynnas
119,score
120,historical
121,stratosphere
122,money
123,nasdaqoth
124,outspend
125,cramernnaccording
126,notebook
127,light
128,business
129,highs
130,infusion
131,disqus
132,edge
133,tape
134,fluctuations
135,disrupted
136,wouldn
137,led
138,transgender
139,powernn6
140,winners
141,97inch
142,accountability
143,morsel
144,general
145,rankings
146,severely
147,stake
148,onennthere
149,stock
150,asian
151,capitalisation
152,ahead
153,fb
154,supportive
155,incite
156,least
157,brands
158,mining
159,headphones
160,reportnnto
161,handset
162,robert
163,conjunction
164,survey
165,thinks
166,iterative
167,opportunistic
168,bezel
169,hindsight
170,face
171,strategynnof
172,finally
173,courting
174,verge
175,larger
176,securitynnwould
177,indices
178,companies
179,form
180,gets
181,gates
182,purchases
183,met
184,iphone
185,summary
186,climb
187,manages
188,game
189,markit
190,airline
191,ve
192,sixth
193,terminals
194,battery
195,amicus
196,implementing
197,helping
198,superpremium
199,weekend
200,expansion
201,cooknnit
202,legislation
203,watch
204,revolutionary
205,merrill
206,soared
207,copying
208,cheers
209,ecosystem
210,tools
211,stone
212,2015nnthe
213,events
214,600px
215,downsides
216,onethird
217,problem
218,achieved
219,pace
220,hoursnni
221,narendra
222,cuts
223,cheer
224,aggressive
225,technology
226,075x
227,livesnnwith
228,successful
229,cliff
230,range
231,algorithms
232,equates
233,portion
234,president
235,summernnin
236,expansions
237,2012nnsource
238,voted
239,director
240,microsources
241,borderless
242,chat
243,hd
244,associated
245,holiday
246,movements
247,device
248,old
249,cheering
250,files
251,removednnb
252,slipping
253,resource
254,customary
255,close
256,historically
257,thought
258,nnit
259,piece
260,itnnfirst
261,nearnn
262,sensor
263,ba
264,pod
265,rolland
266,extending
267,manufacturer
268,iphonennthe
269,fastestgrowing
270,datanngiven
271,inclined
272,tradingnnas
273,assessed
274,mounting
275,achieving
276,single
277,merely
278,furthernnunless
279,quartz
280,search
281,nnheight280px
282,candlesnna
283,oracle
284,boosts
285,applennthe
286,beats
287,multipurpose
288,extra
289,techcrunchnnthe
290,media
291,demonstrates
292,relatively
293,wider
294,fortune
295,nndisplay
296,nasdaq100
297,elements
298,giving
299,positives
300,upside
301,fate
302,feb
303,nnfrom
304,amounted
305,looks
306,flamesnnbrianna
307,society
308,13f
309,nnfitbit
310,spending
311,threeyear
312,utmost
313,valuation
314,licensing
315,date
316,highlighted
317,reportnnthe
318,materialize
319,benefitnnremember
320,shows
321,edgetoedge
322,20170207nnwritten
323,neighbor
324,educational
325,oneoff
326,bothnnapple
327,initiate
328,denied
329,specific
330,5818169bn
331,james
332,jobsnnaction
333,realitynn9to5
334,announced
335,meeting
336,presidential
337,wearables
338,connected
339,technical
340,128gb
341,disagree
342,correction
343,tripledigit
344,retailer
345,insidernnapple
346,camerannas
347,unanimous
348,carriers
349,realface
350,annoying
351,field
352,closednnlee
353,elaborates
354,fat
355,caf
356,action
357,aviv
358,accelerate
359,mcap
360,viable
361,limiting
362,proprietary
363,return
364,spend
365,ttm
366,warns
367,challenge
368,regurgitate
369,likelihood
370,observations
371,tdlteadvanced
372,premier
373,oppo
374,blogs
375,marketnnrash
376,revoked
377,shame
378,tasks
379,indx
380,gained
381,five
382,aboard
383,volatility
384,opened
385,mad
386,linennthe
387,highest
388,chinannso
389,impairment
390,himselfnnb
391,lagging
392,colorwarennit
393,indicatorsnnstochastic
394,opposing
395,creationnnwith
396,charlie
397,crisis
398,memory
399,related
400,comparison
401,retailing
402,intelnnbeyond
403,curvededged
404,goldman
405,32gb
406,axp
407,q1
408,fifteen
409,endeavor
410,nn1
411,photosnnread
412,icloudcouk
413,researchdriven
414,monetizing
415,stanley
416,celebrating
417,sub
418,poor
419,cover
420,values
421,diagnostic
422,oversold
423,nnapple
424,structurally
425,pricetoearnings
426,steam
427,timeline
428,hoard
429,app
430,capacitive
431,replaced
432,cat
433,social
434,ram
435,ongoing
436,heffx
437,aseries
438,naturally
439,districts
440,wings
441,expenditure
442,opinions
443,diluted
444,extreme
445,momentary
446,rearfacing
447,prepping
448,bets
449,opportunities
450,marketnnit
451,version
452,develop
453,endows
454,sleevennapple
455,reportsnnthe
456,people
457,distributed
458,reportnninvestors
459,nninterestingly
460,switching
461,chasm
462,discussing
463,observe
464,tuesday
465,doubledigit
466,micro
467,aipowered
468,win
469,knowhow
470,fifth
471,support
472,cut
473,zackscom
474,sectornni
475,8142014nnabout
476,oi
477,disclosures
478,divergencennwe
479,decrease
480,disappointing
481,minwidth
482,reportednnit
483,april
484,8th
485,sizable
486,thieves
487,doubling
488,contributing
489,walls
490,system
491,xyz
492,agreements
493,avatar
494,dime
495,overvalution
496,slump
497,ratennsubscriptionbased
498,appreciatednndisclosure
499,billionnnas
500,ten
501,commentators
502,bloggers
503,direct
504,head
505,modelsnnsources
506,promise
507,platforms
508,storesnnapple
509,expensivennwhile
510,1h18
511,margins
512,americas
513,update
514,tear
515,2gb
516,accounts
517,yearnnhowever
518,nnby
519,rescind
520,past
521,successfactors
522,realistic
523,simultaneously
524,overnight
525,dieselelectric
526,pain
527,drill
528,probable
529,informed
530,feeling
531,usdnnshares
532,working
533,tourist
534,threeyears
535,journal
536,funding
537,tune
538,nna3
539,modelnnmy
540,peek
541,benefit
542,itapple
543,tau
544,select
545,clothes
546,risksnnnext
547,final
548,family
549,fiscal
550,teens
551,play
552,factor
553,13721nncandlesticksnna
554,auditorium
555,gender
556,trajectorynnfor
557,sum
558,broadcom
559,boils
560,prefer
561,making
562,gas
563,mover
564,candlesnnan
565,upbeat
566,arcuri
567,guard
568,produce
569,scenariosnna
570,pictures
571,annual
572,forecasting
573,original
574,acting
575,create
576,focusing
577,embedding
578,12month
579,xinfused
580,based
581,1m
582,targets
583,stimulate
584,monitoring
585,forced
586,glimpse
587,bullsnnif
588,bigscreen
589,allow
590,passive
591,couple
592,slide
593,conclusionsnnlg
594,nntherefore
595,realnniphone
596,quietly
597,outrightnnwhen
598,aws
599,holding
600,loup
601,quartersnnfinal
602,researchnncho
603,rated
604,tag
605,4g
606,function
607,inspur
608,digest
609,background
610,justifications
611,loves
612,possesses
613,inline
614,builds
615,configuration
616,equity
617,dire
618,module
619,identifiable
620,arizona
621,successfully
622,7plus
623,combining
624,technologiesnnthis
625,pulled
626,threat
627,proven
628,supplydemand
629,description
630,distance
631,proper
632,topic
633,q117nnit
634,buyernnandroid
635,exploding
636,basic
637,remaining
638,profited
639,truth
640,8000nnon
641,languagennfor
642,lowering
643,designed
644,royalties
645,cdma
646,microprocessor
647,kit
648,decision
649,expectedly
650,uses
651,cci
652,interestingly
653,periods
654,streetauthority
655,order
656,4q16
657,tends
658,noted
659,winnernncompetitors
660,timing
661,legal
662,unanticipated
663,underglass
664,junennthis
665,bang
666,fourstar
667,256x
668,phase
669,herennzacks
670,fantastic
671,3rd
672,facial
673,macs
674,editing
675,fairly
676,hdr
677,estimate
678,application
679,eversolennthe
680,nnthese
681,charging
682,mobile
683,macbook
684,dipp
685,mill
686,shareholders
687,drives
688,viewsnnso
689,large
690,nnanalyst
691,sitters
692,sapphire
693,technologynnfor
694,barack
695,contracts
696,employee
697,pertaining
698,wanted
699,guaranteed
700,pessimistic
701,videos
702,increases
703,beneficially
704,datennexxon
705,wad
706,respective
707,obviously
708,ax
709,added
710,buynnon
711,asking
712,terribly
713,present
714,shipping
715,reasonably
716,cleveland
717,galaxy
718,sales
719,migration
720,bloomberg
721,slowly
722,nnthis
723,reportedly
724,discussed
725,saturation
726,improving
727,buffetttype
728,writesnnthe
729,divergencennoverall
730,existing
731,negativity
732,commodity
733,headwindnnone
734,looked
735,intense
736,ultimately
737,pebble
738,weakness
739,failure
740,zt
741,hover
742,truly
743,clsa
744,capped
745,commend
746,frequent
747,panels
748,focus
749,unqualified
750,clearcut
751,italian
752,mode
753,asset
754,57inch
755,aboveaverage
756,memennapple
757,customer
758,entail
759,recommendations
760,picking
761,natural
762,drawn
763,fourth
764,comps
765,overboughtnnintermediate
766,bumped
767,incrementally
768,bulk
769,users
770,partner
771,10934nnvolatility
772,boost
773,andor
774,musicdespite
775,monthlong
776,broader
777,surged
778,develops
779,quarternnwell
780,poll
781,melting
782,16gigabyte
783,roughly
784,x20
785,ironic
786,readies
787,overvalued
788,thoughtsnnnearterm
789,9to5
790,ingrain
791,equal
792,10day
793,sustained
794,zacks
795,sell
796,struggle
797,explains
798,iris
799,bigger
800,lower
801,narrowed
802,taking
803,12714nnthe
804,rights
805,exponential
806,outperformed
807,states
808,turnaround
809,torched
810,earningsnnhome
811,obstacles
812,trendingnnnote
813,parties
814,buybacks
815,partners
816,venture
817,applennin
818,ranking
819,14921nnthese
820,2017nnmanagement
821,weekendnnand
822,lacked
823,riskynnoppenheimer
824,agonnrex
825,aversionnnjust
826,requests
827,q114
828,24507156nntechnical
829,driversnnlooking
830,clients
831,interview
832,networks
833,iteration
834,hands
835,planning
836,inlineblock
837,talentnnprice
838,gartner
839,lifts
840,growthnnthe
841,details
842,gotomarket
843,guidelines
844,running
845,revenue
846,nnhere
847,efforts
848,buzz
849,togethernnthus
850,combined
851,kingnntherefore
852,source
853,grab
854,photos
855,supply
856,flat
857,rally
858,flexible
859,perspectivennbut
860,movies
861,unclear
862,establishing
863,opex
864,accessories
865,supports
866,corporations
867,munsternnhowever
868,pt
869,margin
870,surprised
871,faulty
872,shotnnberkshire
873,otakara
874,bitmoji
875,siripowered
876,frontnnhome
877,option
878,effectnnwe
879,event
880,strategiesgoogle
881,sizes
882,opines
883,2016nnstill
884,identical
885,microns
886,diesel
887,plans
888,othersnnpay
889,reigned
890,acceleration
891,werent
892,half
893,relaxation
894,functionalities
895,smallest
896,slumped
897,longterm
898,dependent
899,backed
900,families
901,nnmanual
902,ditch
903,doubled
904,francisco
905,initiated
906,overruns
907,brka
908,donni
909,measured
910,belief
911,watchos
912,marketnnwhat
913,workload
914,nnmoreover
915,2132014nnon
916,target
917,hong
918,billionnnwhile
919,tel
920,cloudme
921,australiannthe
922,12megapixel
923,kirin
924,nnthe
925,chompnnrecent
926,pulling
927,onnnhow
928,invention
929,addresses
930,weekly
931,needle
932,talked
933,disagrees
934,delve
935,indicating
936,imagine
937,harvest
938,positive
939,interpreting
940,yearin
941,stupidity
942,calling
943,losersnnmany
944,barely
945,closing
946,functions
947,loyal
948,taxesnnthe
949,level
950,bloody
951,marginally
952,nninvestor
953,perceived
954,iosnnexclusive
955,grasp
956,ceo
957,strongest
958,bound
959,lowcost
960,25d
961,japanese
962,bids
963,take
964,digestion
965,startup
966,data
967,12500nnon
968,againnnapple
969,section
970,particularly
971,initially
972,meters
973,displays
974,profits
975,leverage
976,sitting
977,applennwhat
978,happen
979,packnnfurther
980,created
981,levelsnnhowever
982,repatriating
983,literally
984,january
985,ibmnni
986,crosses
987,hulu
988,shooting
989,barinspired
990,pfcf
991,sands
992,jumping
993,improve
994,replaces
995,invert
996,edition
997,aren
998,soldin
999,worldnncompanies
1000,experienced
1001,copycatnnthe
1002,destroys
1003,europeans
1004,chooses
1005,reflect
1006,maintain
1007,rejected
1008,providing
1009,lcd
1010,earningsnngoogl
1011,detail
1012,nnkeep
1013,seven
1014,similarly
1015,realizes
1016,todaynngoing
1017,panel
1018,associate
1019,millionnnanalysts
1020,signs
1021,discounted
1022,trackers
1023,primary
1024,translations
1025,great
1026,feeds
1027,discounting
1028,developing
1029,alex
1030,ago
1031,pronngoogle
1032,nearly
1033,pedestrian
1034,variant
1035,fourthgeneration
1036,corresponding
1037,79inch
1038,possibility
1039,bofamlnnapple
1040,continuing
1041,surface
1042,engineer
1043,expectations
1044,economically
1045,compared
1046,servicesoftware
1047,changer
1048,onlinennplease
1049,interest
1050,drainagennmoreover
1051,agreement
1052,attracted
1053,court
1054,assetsnnsource
1055,nnwho
1056,subscriptions
1057,platform
1058,incident
1059,presented
1060,outsized
1061,taken
1062,jane
1063,effected
1064,resultsnnconfirming
1065,putcall
1066,decried
1067,cautiously
1068,contributorsnndisclosure
1069,dip
1070,mission
1071,dropped
1072,dashes
1073,represents
1074,paints
1075,disposable
1076,shares
1077,due
1078,barclays
1079,re
1080,flawed
1081,gives
1082,alongside
1083,belownnthank
1084,meaningfulnni
1085,monetize
1086,keen
1087,backs
1088,q216
1089,shipmentasp
1090,awareness
1091,charitable
1092,reportnnmoreover
1093,ibm
1094,onsite
1095,report
1096,lg
1097,cautious
1098,button
1099,lows
1100,free
1101,touching
1102,standalone
1103,managed
1104,testing
1105,try
1106,dotcom
1107,engines
1108,lte
1109,keyboard
1110,128gigabyte
1111,kings
1112,volumenn136230
1113,usage
1114,cattle
1115,csco
1116,2017nncorroborating
1117,productsnnthere
1118,snippet
1119,modems
1120,android
1121,text
1122,online
1123,signals
1124,education
1125,extractnndiminishing
1126,cnbc
1127,ford
1128,concentration
1129,good
1130,mentioned
1131,favor
1132,agonncommodity
1133,hai
1134,recurring
1135,gotham
1136,minister
1137,profitablennalternatively
1138,javascript
1139,announce
1140,treated
1141,g5
1142,theater
1143,29nnthe
1144,radical
1145,pending
1146,slated
1147,launch
1148,deutsche
1149,leveraging
1150,9b
1151,leapt
1152,difficulty
1153,tipranks
1154,calls
1155,television
1156,nownnplease
1157,averaging
1158,loading
1159,ties
1160,preparing
1161,begin
1162,rise
1163,predicts
1164,results
1165,open
1166,dis
1167,deterioration
1168,surmisesnnaccording
1169,googl
1170,didn
1171,deeper
1172,second
1173,earningssales
1174,particular
1175,documents
1176,catch
1177,globalized
1178,consider
1179,135nnthat
1180,2020nnthe
1181,duck
1182,initiates
1183,mass
1184,body
1185,host
1186,comparablestore
1187,portfolio
1188,sec
1189,homepage
1190,carmaker
1191,outstanding
1192,investiture
1193,largescale
1194,lgbt
1195,compatible
1196,increase
1197,jinping
1198,sg
1199,gamble
1200,notnnhere
1201,modi
1202,gmbh
1203,projections
1204,plus
1205,500nnapple
1206,applennabout
1207,upgradesnn24
1208,lineup
1209,briefing
1210,loyalty
1211,wet
1212,computer
1213,featurennthe
1214,evergreen
1215,lesbian
1216,economies
1217,love
1218,ring
1219,capabilities
1220,dampened
1221,sensors
1222,dividends
1223,hope
1224,unlock
1225,leadup
1226,wait
1227,showcase
1228,slower
1229,mantrannin
1230,idsecure
1231,surge
1232,divergences
1233,gaap
1234,strife
1235,persistent
1236,receives
1237,ranked
1238,vicepresident
1239,identified
1240,generated
1241,ace
1242,readjustments
1243,rest
1244,looking
1245,upcoming
1246,powerful
1247,elon
1248,sentences
1249,criteria
1250,healthcare
1251,eliminated
1252,move
1253,diary
1254,incorporate
1255,avatarbuilding
1256,obvious
1257,popular
1258,contract
1259,longer
1260,causing
1261,advancements
1262,mashablennthe
1263,manufacture
1264,reflected
1265,disappear
1266,implemented
1267,say
1268,claims
1269,decelerating
1270,flow
1271,omnichannel
1272,answering
1273,lynch
1274,operating
1275,reform
1276,store
1277,ability
1278,auto
1279,friends
1280,thanks
1281,swing
1282,modeled
1283,recently
1284,unrivaled
1285,swedish
1286,proved
1287,producers
1288,dissolves
1289,bringing
1290,traders
1291,ventilated
1292,a10x
1293,crt
1294,questionnnas
1295,cowen
1296,phenomenon
1297,nna1
1298,metaionniphone
1299,evenly
1300,resellers
1301,assess
1302,markedly
1303,earned
1304,bodynnmomentum
1305,rod
1306,bill
1307,nnevery
1308,gay
1309,irrationality
1310,status
1311,underperforming
1312,computing
1313,tsmcnnwhat
1314,5g
1315,simple
1316,missed
1317,cameras
1318,stocknnto
1319,happened
1320,equipment
1321,modestly
1322,servers
1323,visit
1324,congress
1325,nnwalmart
1326,reputation
1327,terminal
1328,wide
1329,eikon
1330,apps
1331,made
1332,offshore
1333,overbought
1334,versions
1335,canalys
1336,passing
1337,rooftop
1338,acquirednnearlier
1339,exchanged
1340,carries
1341,evidence
1342,introducing
1343,conservatism
1344,nation
1345,breakthrough
1346,variety
1347,brought
1348,14716nnthe
1349,celebrate
1350,books
1351,participated
1352,undervalued
1353,agee
1354,north
1355,classic
1356,playing
1357,license
1358,multifaceted
1359,fullscreen
1360,difficult
1361,player
1362,seek
1363,upsell
1364,eyes
1365,agonnmacdnnthe
1366,mac
1367,daynnberkshire
1368,strikennwith
1369,pc
1370,backward
1371,sears
1372,scaling
1373,features
1374,size
1375,arise
1376,abandoned
1377,feat
1378,lot
1379,predicted
1380,sizennin
1381,download
1382,expresses
1383,asr
1384,6snnthat
1385,icloudus
1386,signifies
1387,snap
1388,techcrunch
1389,easy
1390,pride
1391,knowledge
1392,giantsnnfirst
1393,fence
1394,saidnnapple
1395,moskowitz
1396,primarily
1397,gaming
1398,continue
1399,directly
1400,permission
1401,sa
1402,runaway
1403,nnwidth300px
1404,punitive
1405,dresser
1406,dollars
1407,avoided
1408,adoption
1409,snapon
1410,icloudeu
1411,dollar
1412,denotes
1413,leads
1414,brilliance
1415,abandon
1416,sdk
1417,tab
1418,assumptions
1419,telecom
1420,ask
1421,profitable
1422,astute
1423,offered
1424,log
1425,trending
1426,accepted
1427,agonnrelative
1428,convergencedivergence
1429,privacy
1430,connectivity
1431,visible
1432,higherpriced
1433,challenges
1434,conflict
1435,briefapple
1436,continued
1437,ordered
1438,color
1439,occupies
1440,manufactured
1441,digital
1442,pressure
1443,frontrunner
1444,poised
1445,briannaolivas
1446,trio
1447,facets
1448,facetime
1449,influence
1450,trump
1451,groups
1452,competitorsnnthe
1453,overwhelming
1454,thickness
1455,weighted
1456,recognizes
1457,smartwatch
1458,remain
1459,shy
1460,announcement
1461,largeformat
1462,modelnnsource
1463,nnfurthermore
1464,hoped
1465,mirrors
1466,meaning
1467,wowing
1468,billiondollar
1469,upgrade
1470,averaged
1471,watchcompatible
1472,chip
1473,tangible
1474,hints
1475,vulnerability
1476,canadian
1477,ballooning
1478,war
1479,capex
1480,macworld
1481,stretched
1482,elongating
1483,managernnafter
1484,deliver
1485,iphonennsource
1486,edited
1487,ipadlike
1488,properties
1489,kgi
1490,nnfinally
1491,immigration
1492,marching
1493,comeback
1494,blocks
1495,pit
1496,fastgraphsnnit
1497,idnnwe
1498,tdlte
1499,appeal
1500,newsletter
1501,weeksnnthis
1502,polish
1503,alternatively
1504,frontfacing
1505,polled
1506,driving
1507,buysell
1508,macbookimac
1509,assumes
1510,springnnnnnngoogle
1511,forwardnnaccording
1512,tim
1513,twice
1514,rusch
1515,pile
1516,placed
1517,rumormongers
1518,nnnnapple
1519,replace
1520,flowing
1521,chipsets
1522,excerpt
1523,capita
1524,harmonize
1525,usable
1526,erodingnndespite
1527,tablets
1528,awaynnthe
1529,means
1530,efficient
1531,anytime
1532,voicing
1533,ssnlf
1534,seize
1535,motivation
1536,cellular
1537,defective
1538,surveys
1539,success
1540,considerably
1541,pro
1542,drops
1543,willing
1544,redesigned
1545,nn11
1546,17007240bn
1547,priced
1548,singlesession
1549,monopolistic
1550,components
1551,suppliers
1552,mitigation
1553,televisionsnnnonetheless
1554,exciting
1555,accretion
1556,splash
1557,s8
1558,modelsnnapple
1559,rebalance
1560,applennapple
1561,reacts
1562,brett
1563,options
1564,step
1565,uncle
1566,alltime
1567,building
1568,peg
1569,exemption
1570,simplicity
1571,represented
1572,dream
1573,rumor
1574,technologynnwhile
1575,know
1576,52week
1577,bitstrips
1578,xbox
1579,book
1580,generate
1581,commercialization
1582,example
1583,entrants
1584,ambitious
1585,infrared
1586,tiers
1587,201718e
1588,ups
1589,pertains
1590,feasibility
1591,probably
1592,dumping
1593,sufficient
1594,cutting
1595,monthsnnthat
1596,peaked
1597,515inches
1598,safety
1599,random
1600,import
1601,announcementnnin
1602,quicktomarket
1603,runnerup
1604,valuations
1605,erosionnn22
1606,niche
1607,volumenn135100
1608,part
1609,website
1610,lpp
1611,stewards
1612,nnsetting
1613,widely
1614,confidence
1615,prime
1616,artificial
1617,protections
1618,significantly
1619,manipulator
1620,sap
1621,capitalization
1622,2017nncutting
1623,compx
1624,giants
1625,economics
1626,secret
1627,deeply
1628,telcos
1629,length
1630,200periodnnclose
1631,angle
1632,jessie
1633,fivestar
1634,represent
1635,450nnthat
1636,patent
1637,inapp
1638,full
1639,protecting
1640,hasnt
1641,2142013nnon
1642,manager
1643,actions
1644,vulnerable
1645,fine
1646,moat
1647,domestic
1648,new
1649,gone
1650,fun
1651,earn
1652,faced
1653,speculation
1654,businessnnsource
1655,conclusion
1656,prioryearnnthe
1657,humming
1658,rid
1659,dipsnncowen
1660,2and1
1661,freetwoday
1662,pays
1663,contributed
1664,secondary
1665,conversation
1666,boosting
1667,change
1668,lack
1669,framework
1670,winner
1671,speak
1672,consensus
1673,overall
1674,vision
1675,pricenna4
1676,cagr
1677,relative
1678,steps
1679,south
1680,strength
1681,basically
1682,extended
1683,cheaper
1684,rough
1685,crack
1686,stagnant
1687,firstnnnnnnif
1688,boosted
1689,10thgeneration
1690,barriers
1691,directive
1692,believed
1693,experience
1694,explanation
1695,package
1696,marketing
1697,bundle
1698,schools
1699,cook
1700,robust
1701,investorplace
1702,5152014nnon
1703,requirements
1704,usnnon
1705,land
1706,citing
1707,adept
1708,nearterm
1709,join
1710,integrated
1711,surrounding
1712,officially
1713,iphonennalternatively
1714,different
1715,stop
1716,hig
1717,lost
1718,vastly
1719,hot
1720,pie
1721,morning
1722,subscription
1723,web
1724,compensate
1725,wistron
1726,ex
1727,equals
1728,convey
1729,days
1730,written
1731,depends
1732,premium
1733,telephonennanother
1734,predicting
1735,reuse
1736,yesterday
1737,ubs
1738,personally
1739,msft
1740,oppenheimer
1741,64gb
1742,sne
1743,interchangeable
1744,inevitably
1745,chart
1746,urban
1747,external
1748,communication
1749,acquisition
1750,californiabased
1751,shutter
1752,platformnn2
1753,includes
1754,speech
1755,actively
1756,developers
1757,outcome
1758,downtrend
1759,contrarian
1760,membersnnthese
1761,accordingly
1762,seasonality
1763,negotiate
1764,advocated
1765,matters
1766,newnnnote
1767,heinz
1768,tesla
1769,name
1770,ripe
1771,flames
1772,nextnnif
1773,americans
1774,imbalance
1775,wrong
1776,specious
1777,smartphonennthe
1778,hold
1779,effects
1780,scenariosnni
1781,premise
1782,v3
1783,treesnnvideo
1784,twomonth
1785,improves
1786,250k
1787,miles
1788,richer
1789,peace
1790,amazoncom
1791,decisions
1792,timothy
1793,roll
1794,outlined
1795,statistically
1796,verification
1797,patented
1798,a10
1799,asserting
1800,matter
1801,icloudtv
1802,downloadable
1803,valuable
1804,avatarcreating
1805,told
1806,515inchnniphone
1807,megapixel
1808,susquehanna
1809,annually
1810,february
1811,drive
1812,receive
1813,super
1814,turning
1815,105inch
1816,extraordinary
1817,releasenn21
1818,test
1819,firing
1820,clear
1821,quarter
1822,work
1823,opening
1824,reiterate
1825,plain
1826,model
1827,manually
1828,electronic
1829,dismisses
1830,couldnt
1831,dennis
1832,nnhd
1833,follow
1834,spaceshipshaped
1835,revolution
1836,launched
1837,systemnnkgi
1838,worked
1839,add
1840,squealing
1841,sets
1842,slashed
1843,qq
1844,dow
1845,ownership
1846,notnnthe
1847,question
1848,reversal
1849,revenuennthe
1850,activity
1851,mfg
1852,expense
1853,entirely
1854,late
1855,gaining
1856,reason
1857,parade
1858,expecting
1859,trillion
1860,winning
1861,drum
1862,201719e
1863,manage
1864,quality
1865,guess
1866,curtailed
1867,waited
1868,virtual
1869,droughtresistant
1870,firm
1871,buyback
1872,nintendo
1873,compound
1874,sequential
1875,argumentnn1
1876,break
1877,category
1878,industrial
1879,blackberry
1880,classical
1881,track
1882,warren
1883,innovate
1884,macquarie
1885,anniversary
1886,500k
1887,pointing
1888,fall
1889,inception
1890,key
1891,updated
1892,nok
1893,games
1894,artists
1895,misnamed
1896,thinking
1897,sony
1898,integrate
1899,mwc
1900,2018nnto
1901,physical
1902,america
1903,required
1904,bannncook
1905,nnduring
1906,says
1907,located
1908,expand
1909,billofmaterial
1910,biggernnapple
1911,trajectory
1912,sachs
1913,confused
1914,nnpraising
1915,pressured
1916,cloud
1917,tests
1918,compete
1919,elongation
1920,leennwith
1921,stocknnno
1922,arnnthe
1923,leaves
1924,aggregated
1925,subsequently
1926,biggest
1927,liquidfilled
1928,sandwich
1929,global
1930,pulls
1931,chinese
1932,34171356nnshortterm
1933,individual
1934,technologynnso
1935,nnentertainment
1936,rumored
1937,ice
1938,bar
1939,thesis
1940,chiming
1941,storage
1942,morgan
1943,discussion
1944,a11
1945,percentage
1946,yearnnnot
1947,versus
1948,q217
1949,imply
1950,lossnnview
1951,factored
1952,traditionally
1953,price
1954,063nnturning
1955,scorecard
1956,skew
1957,creation
1958,008nnthere
1959,extension
1960,barclaysnnmoskowitz
1961,despite
1962,approaching
1963,correct
1964,beating
1965,announcing
1966,unknown
1967,buildings
1968,planned
1969,nokia
1970,predict
1971,amoled
1972,bands
1973,protection
1974,eliminate
1975,tradition
1976,gearing
1977,shying
1978,buying
1979,sway
1980,wins
1981,campaigns
1982,peersnnin
1983,shift
1984,subscribers
1985,considerednnyour
1986,vendors
1987,totals
1988,imaging
1989,talk
1990,monthsnnfurthermore
1991,additions
1992,applenni
1993,problems
1994,names
1995,famously
1996,existed
1997,concludesnnas
1998,wrap
1999,commands
2000,sharesnnit
2001,october
2002,count
2003,models
2004,believe
2005,distinct
2006,carplay
2007,quadrupled
2008,mingchi
2009,goes
2010,compare
2011,greenlight
2012,se
2013,blockbuster
2014,sustainable
2015,ads
2016,4star
2017,creates
2018,areas
2019,excite
2020,brings
2021,political
2022,censures
2023,brink
2024,account
2025,saidnnwatch
2026,territory
2027,server
2028,overweight
2029,prolonged
2030,takasugi
2031,approximately
2032,germanybased
2033,discussingnnthus
2034,greenblatt
2035,highlighting
2036,incorporated
2037,celebratory
2038,dynamic
2039,reuters
2040,kill
2041,decade
2042,14period
2043,indicatorsnnmomentum
2044,stumbled
2045,timennsales
2046,types
2047,nougat
2048,workday
2049,electric
2050,image
2051,cap
2052,ideal
2053,topline
2054,desktops
2055,exploded
2056,thin
2057,measures
2058,email
2059,runs
2060,curved
2061,complete
2062,startups
2063,campaign
2064,cho
2065,granular
2066,whispers
2067,onnnthe
2068,9to5macnnapple
2069,betterthanexpected
2070,ministrynnalso
2071,flirt
2072,activates
2073,industrialization
2074,sophisticated
2075,outlooknnshort
2076,nnwidth336px
2077,analysts
2078,fy16
2079,program
2080,investment
2081,wish
2082,11000nnon
2083,iphones
2084,55inch
2085,sense
2086,termnnnext
2087,semiconductor
2088,cds
2089,impact
2090,gamechanging
2091,dcf
2092,dilution
2093,bears
2094,planningnndevelopers
2095,iwe
2096,shortly
2097,unprofitable
2098,stick
2099,conforms
2100,323share
2101,managementnnsource
2102,hiked
2103,bonds
2104,mixshift
2105,counterarguments
2106,analyst
2107,rumors
2108,encroaching
2109,windows
2110,refresh
2111,tv
2112,inability
2113,seventh
2114,wednesday
2115,ytd
2116,end
2117,yers
2118,herenndisclosure
2119,texted
2120,storesnnwarren
2121,systems
2122,displaynnas
2123,savings
2124,nnhowever
2125,13983nnthe
2126,macnnmeanwhile
2127,google
2128,offnn44
2129,choice
2130,mentions
2131,escalated
2132,occurred
2133,fourthquarter
2134,3d
2135,5162013nnon
2136,spot
2137,faster
2138,laser
2139,arrived
2140,service
2141,fastgraphsnnthe
2142,multiplying
2143,middle
2144,authorsnnvalueadded
2145,reserves
2146,yeart0date
2147,receiving
2148,collectively
2149,hypothetical
2150,rapid
2151,repurchase
2152,deciding
2153,surveillance
2154,traditional
2155,solidify
2156,surgennb3
2157,asp
2158,unveils
2159,fell
2160,nntesla
2161,materializennit
2162,fang
2163,entrenched
2164,donated
2165,big
2166,performance
2167,mobil
2168,weaknessstrength
2169,hana
2170,controversial
2171,mimics
2172,public
2173,small
2174,growthnnadditionally
2175,delivering
2176,internet
2177,trigger
2178,markets
2179,jr
2180,portrait
2181,peculiar
2182,actual
2183,launches
2184,solves
2185,street
2186,attracting
2187,provided
2188,kathryn
2189,yielding
2190,musk
2191,decline
2192,2020nnhowever
2193,total
2194,shed
2195,sensing
2196,dropping
2197,highernni
2198,joint
2199,limit
2200,billionthe
2201,concerned
2202,fueled
2203,perfect
2204,manual
2205,xmm
2206,tweaked
2207,capability
2208,batteries
2209,hurts
2210,nine
2211,declinennthis
2212,impossible
2213,eventual
2214,buyer
2215,advertising
2216,heightened
2217,sneak
2218,joel
2219,contribute
2220,listed
2221,incentive
2222,2h17
2223,hikes
2224,bln
2225,enter
2226,softwareintensive
2227,advantage
2228,amazon
2229,repatriation
2230,assumptionsnnfurthermore
2231,emerging
2232,smartphonesnnmobile
2233,lineupnnlet
2234,seriesnni
2235,real
2236,offeringsnncompetition
2237,handled
2238,marketsnni
2239,unfair
2240,ninepart
2241,pushing
2242,reachnnif
2243,assumption
2244,envision
2245,make
2246,site
2247,fruitionnnwhy
2248,caterpillar
2249,lawsuit
2250,compsnni
2251,unfortunately
2252,tokenization
2253,major
2254,aprilnnapple
2255,initial
2256,role
2257,right
2258,comply
2259,explosionnnthe
2260,diversity
2261,privy
2262,stand
2263,x12
2264,incentivized
2265,approach
2266,area
2267,commentary
2268,things
2269,displeasure
2270,13500nnon
2271,laws
2272,facing
2273,20month
2274,vital
2275,payout
2276,headlines
2277,tells
2278,co
2279,manufacturing
2280,blend
2281,maintained
2282,icloudbased
2283,hugely
2284,publishers
2285,businessnndurable
2286,instituted
2287,excited
2288,movingnnintermediate
2289,chaos
2290,local
2291,loss
2292,summer
2293,fullyear
2294,usd
2295,consultants
2296,frankfurt
2297,bottoms
2298,addressed
2299,sport
2300,pathsnn5
2301,recovery
2302,pull
2303,immediate
2304,situation
2305,flash
2306,derisk
2307,depth
2308,implement
2309,sooner
2310,eod
2311,electrical
2312,candle
2313,projection
2314,sides
2315,iosnnthe
2316,stark
2317,nnsince
2318,argue
2319,territorynnapple
2320,insider
2321,billionnnare
2322,shipments
2323,tipranksnnso
2324,code
2325,optionsnndate
2326,issue
2327,curious
2328,researchnnmore
2329,caller
2330,drag
2331,2017nnif
2332,aspects
2333,years
2334,icloud
2335,italy
2336,ipadmacbook
2337,appeared
2338,raised
2339,nnsamsung
2340,prospect
2341,hopes
2342,read
2343,research
2344,changed
2345,alpha
2346,drivernn23
2347,cub
2348,14155nnbuy
2349,implementation
2350,nnultimately
2351,constantly
2352,filing
2353,kept
2354,developments
2355,atstreetauthoritycomnnmore
2356,marchnnapple
2357,beijing
2358,bubble
2359,enclave
2360,complement
2361,twoweek
2362,meme
2363,facility
2364,nnon
2365,baseband
2366,suitnnclsa
2367,lpe
2368,ad
2369,410mm
2370,motor
2371,winding
2372,sincennwhat
2373,revealed
2374,ofnnblackberry
2375,upgraders
2376,raise
2377,shipment
2378,flop
2379,macy
2380,campusnn3
2381,penney
2382,nextgen
2383,inbox
2384,simply
2385,buoyed
2386,starring
2387,claimed
2388,undertaken
2389,texas
2390,scanner
2391,appsearch
2392,tweeted
2393,stream
2394,tracked
2395,14169nnamazon
2396,lines
2397,inclusion
2398,life
2399,usually
2400,stocks
2401,4q17
2402,true
2403,followed
2404,favorability
2405,unwind
2406,illfated
2407,cease
2408,fewer
2409,puts
2410,opposition
2411,sort
2412,kuo
2413,official
2414,materials
2415,changing
2416,speculates
2417,todaynnthe
2418,heavily
2419,upwardsnnshort
2420,potential
2421,scenarios
2422,percentnnhere
2423,officer
2424,sits
2425,smartphones
2426,reported
2427,invested
2428,closely
2429,nonsamsung
2430,wars
2431,buys
2432,normal
2433,549nnwith
2434,massive
2435,competing
2436,pricesnnit
2437,boyfriend
2438,maintains
2439,rate
2440,companynnfacebook
2441,common
2442,implied
2443,susan
2444,weeknnso
2445,virtuous
2446,bring
2447,11142013nnon
2448,indispensable
2449,megawatts
2450,devices
2451,platformasaservice
2452,outclassing
2453,sma
2454,microtechnology
2455,utilize
2456,offering
2457,display
2458,promised
2459,quarternnhence
2460,surpassing
2461,noting
2462,tokyo
2463,writtenif
2464,works
2465,simplify
2466,headquarters
2467,series
2468,perspective
2469,downside
2470,slowing
2471,mere
2472,seeking
2473,india
2474,consumers
2475,net
2476,run
2477,tops
2478,encourage
2479,clamoring
2480,musing
2481,pan
2482,needed
2483,valuing
2484,revise
2485,likely
2486,germany
2487,fidelity
2488,discount
2489,drivers
2490,went
2491,losers
2492,harman
2493,nndeutsche
2494,tackle
2495,capacity
2496,tiersnnsource
2497,rising
2498,constraints
2499,targetnnfor
2500,12647nnthe
2501,bullishnnmoving
2502,familiar
2503,advantagenn3
2504,incumbent
2505,jcp
2506,nnimage
2507,list
2508,tipsnni
2509,prospective
2510,coverage
2511,goals
2512,computation
2513,tiger
2514,sedan
2515,investor
2516,ebooks
2517,bree
2518,vanishnngone
2519,adding
2520,transferred
2521,acquisitions
2522,calculates
2523,disney
2524,operations
2525,johnny
2526,100mm
2527,consolidated
2528,bollinger
2529,shutterstocknnwhile
2530,heading
2531,competitively
2532,wring
2533,buildingnn7
2534,apple
2535,note
2536,differences
2537,inciting
2538,vast
2539,twitter
2540,eyeing
2541,asia
2542,swiftly
2543,attempting
2544,unlikely
2545,beginning
2546,growthnnthis
2547,seriously
2548,leng
2549,adpost
2550,did
2551,forecast
2552,stopped
2553,doesn
2554,indiannindia
2555,reiterating
2556,50k
2557,growthnn31
2558,modemsnnintel
2559,assetsnnlaffont
2560,zhang
2561,oscillatornnone
2562,beat
2563,inventory
2564,considered
2565,technoogy
2566,cycle
2567,travel
2568,hear
2569,monster
2570,royalty
2571,usdnnthe
2572,intangible
2573,ratio
2574,science
2575,hr
2576,briefly
2577,established
2578,saving
2579,deserves
2580,deploying
2581,processor
2582,way
2583,ipod
2584,dispositions
2585,sound
2586,strongly
2587,premiumnnso
2588,q4
2589,provides
2590,boeing
2591,blackberrynnmwc
2592,nnaccording
2593,population
2594,par
2595,intended
2596,highly
2597,10year
2598,opting
2599,leading
2600,given
2601,jnj
2602,reasonable
2603,wwdc
2604,p10
2605,bagnnin
2606,bias
2607,call
2608,applying
2609,resulting
2610,sign
2611,foreigners
2612,californianative
2613,stylus
2614,worldpanel
2615,comfortably
2616,unleash
2617,reiterates
2618,opposite
2619,narrows
2620,worries
2621,yearly
2622,gdp
2623,fedex
2624,individuals
2625,sidelines
2626,pullback
2627,speakersnngoogle
2628,wednesdaynnjobs
2629,makes
2630,transition
2631,capable
2632,tend
2633,tougher
2634,ipay
2635,wall
2636,era
2637,young
2638,locomotives
2639,substantially
2640,indefinitelynna2
2641,months
2642,monthsnnnnnnapple
2643,three
2644,durable
2645,error
2646,averse
2647,pretty
2648,barrels
2649,proposal
2650,view
2651,grow
2652,incnntrading
2653,takes
2654,huawei
2655,executive
2656,intermediatelongterm
2657,incnnsap
2658,nasdaq
2659,temporary
2660,nntechnology
2661,aggregate
2662,remains
2663,economy
2664,millionsquarefoot
2665,marginsnnon
2666,noticed
2667,24nnrelatednnas
2668,nongaap
2669,man
2670,failed
2671,shipmentpricing
2672,salesnnaapl
2673,impressive
2674,extrapolate
2675,nnfiled
2676,supplement
2677,frequently
2678,network
2679,itunes
2680,attractive
2681,gore
2682,reinitiating
2683,video
2684,lofty
2685,camera
2686,organic
2687,programming
2688,computers
2689,infiltrated
2690,honour
2691,consists
2692,belownnbut
2693,sheetnnapple
2694,complimented
2695,start
2696,engulfing
2697,solidly
2698,accepting
2699,consensusnnfinal
2700,visual
2701,jim
2702,owners
2703,mashable
2704,prior
2705,trades
2706,llc
2707,api
2708,overheating
2709,countrynnin
2710,3x
2711,sleeve
2712,rose
2713,sudden
2714,nnrumor
2715,cookies
2716,cdmacapable
2717,subjective
2718,fallen
2719,tens
2720,gotten
2721,diode
2722,terms
2723,berkshire
2724,q417
2725,panelsnn2
2726,rating
2727,resume
2728,onetime
2729,increasingly
2730,eradicates
2731,performancennfurthermore
2732,asserts
2733,radically
2734,failing
2735,reach
2736,rownninstead
2737,skusnnwalking
2738,remember
2739,vehicles
2740,periodnnmoreover
2741,wthree
2742,supplier
2743,overtaken
2744,prudent
2745,respectivelynnsource
2746,growthnn3
2747,distributes
2748,impress
2749,handsomely
2750,balance
2751,friday
2752,clone
2753,118this
2754,side
2755,examples
2756,hearsay
2757,bit
2758,courtesy
2759,bump
2760,acquired
2761,tsmc
2762,moving
2763,relationship
2764,optimistic
2765,managers
2766,telephone
2767,issueleng
2768,shareholder
2769,blog
2770,reboundnntoday
2771,conditions
2772,brandsnnapple
2773,fy14
2774,growth
2775,generator
2776,14231nntesla
2777,commented
2778,runup
2779,serious
2780,technologynnthe
2781,bullish
2782,apparent
2783,260mm
2784,virtually
2785,bars
2786,symantec
2787,understanding
2788,heart
2789,chipsnnhowever
2790,nnsource
2791,divergence
2792,13029nnthough
2793,software
2794,force
2795,likes
2796,overboughtoversold
2797,exact
2798,november
2799,chemical
2800,burn
2801,september
2802,backing
2803,china
2804,spike
2805,nndividend
2806,consequences
2807,material
2808,previous
2809,checking
2810,justice
2811,335mm
2812,nnnot
2813,fields
2814,rolling
2815,keeping
2816,warrants
2817,completion
2818,discovery
2819,dragged
2820,marshmallow
2821,timenndoes
2822,holdings
2823,consistently
2824,yoy
2825,nnheight250px
2826,describes
2827,surprisingly
2828,company
2829,repurchases
2830,frenzy
2831,eyepopping
2832,headphone
2833,elevated
2834,checkout
2835,yearsnnsource
2836,vector
2837,access
2838,earns
2839,died
2840,hedge
2841,act
2842,bezels
2843,stronger
2844,moves
2845,higher
2846,away
2847,amount
2848,firms
2849,decadelong
2850,aware
2851,nntransgender
2852,amid
2853,pods
2854,critical
2855,guidance
2856,dawning
2857,longshort
2858,directed
2859,derived
2860,factories
2861,thrive
2862,recent
2863,appreciated
2864,namennapple
2865,imac
2866,viewed
2867,progressively
2868,yearoutnnin
2869,mix
2870,criticized
2871,ready
2872,team
2873,edit
2874,domain
2875,eg
2876,innings
2877,availablennrumors
2878,cite
2879,set
2880,peak
2881,retaliationnna
2882,older
2883,servicennimagazine
2884,reasonablennto
2885,carrying
2886,fastest
2887,tenth
2888,regularly
2889,expressions
2890,duo
2891,10956nnvolatility
2892,stolen
2893,standpoint
2894,applennmany
2895,speculativennif
2896,captivity
2897,yields
2898,ate
2899,processors
2900,twoyear
2901,accounted
2902,reinvestment
2903,exist
2904,nnadditionally
2905,purposes
2906,businessnnindeed
2907,recognition
2908,suppress
2909,photosnnall
2910,jabs
2911,relates
2912,forever
2913,tensions
2914,storagennburberry
2915,vehicle
2916,catching
2917,solar
2918,supplied
2919,customers
2920,siri
2921,studying
2922,occupiesnnthat
2923,confirmation
2924,valueoriented
2925,30nnthe
2926,inputs
2927,draw
2928,phonennnext
2929,authority
2930,interact
2931,speed
2932,listing
2933,yy
2934,fail
2935,alltimehigh
2936,thomson
2937,purchase
2938,customize
2939,touch
2940,increasenngiven
2941,techsnn33
2942,sector
2943,touched
2944,allglass
2945,believes
2946,wearable
2947,penetration
2948,philippe
2949,students
2950,abounding
2951,straight
2952,1stage
2953,buttons
2954,infinite
2955,proverbial
2956,tried
2957,tax
2958,reduced
2959,forcing
2960,creating
2961,concludes
2962,comes
2963,shifts
2964,nnthen
2965,consultant
2966,partly
2967,allocationnnthough
2968,statista
2969,production
2970,asphalt
2971,10th
2972,streaming
2973,millionsquarefeet
2974,compose
2975,doomed
2976,forming
2977,systematically
2978,talentnn4
2979,inventergy
2980,headwinds
2981,monday
2982,feature
2983,nnas
2984,ramp
2985,smartphone
2986,productquality
2987,annualquarterly
2988,rock
2989,mean
2990,returned
2991,investing
2992,american
2993,important
2994,interactive
2995,increased
2996,dominate
2997,expect
2998,5gnnboth
2999,emerges
3000,post
3001,industry
3002,easily
3003,itnnthanks
3004,laptops
3005,bunch
3006,llcnnnetflix
3007,foundation
3008,anticipated
3009,ban
3010,understandingnn2
3011,office
3012,usnn41
3013,releasing
3014,hard
3015,growable
3016,modular
3017,applies
3018,elimination
3019,steady
3020,effectiveness
3021,71403331bn
3022,reliable
3023,unrealistic
3024,125nnfrom
3025,incnnlaffont
3026,explainnnwe
3027,huge
3028,doubtful
3029,accounting
3030,finger
3031,wmt
3032,admobil
3033,protect
3034,hasn
3035,wrote
3036,leader
3037,highsnnas
3038,averagennwhen
3039,sold
3040,trading
3041,raw
3042,equationnnconversely
3043,generating
3044,whomnnon
3045,appreciate
3046,scale
3047,fx
3048,concerns
3049,flagship
3050,oscillator
3051,afford
3052,greater
3053,intents
3054,wants
3055,internal
3056,explosion
3057,improvements
3058,ives
3059,updates
3060,indicates
3061,demonstrate
3062,exxon
3063,galvanized
3064,dont
3065,understand
3066,premarket
3067,skyhigh
3068,candles
3069,component
3070,yield
3071,imagined
3072,standard
3073,israelnnrealface
3074,millions
3075,base
3076,chipsnnwhen
3077,intelligence
3078,prepaid
3079,knowles
3080,active
3081,border
3082,overseas
3083,releasennwhat
3084,200period
3085,sprawling
3086,pay
3087,415mm
3088,losses
3089,introductionnnmuch
3090,invalid
3091,caught
3092,insiders
3093,nnclouds
3094,convince
3095,ensued
3096,stigma
3097,withstand
3098,fact
3099,doubt
3100,walldorf
3101,sheet
3102,determination
3103,plannnhd
3104,divided
3105,feng
3106,threw
3107,occurs
3108,22198196nntechnical
3109,adjusted
3110,tier
3111,ppi
3112,antidiscrimination
3113,nntwo
3114,duallens
3115,3gb
3116,response
3117,charge
3118,spurtnnoverall
3119,clarity
3120,strongbuynndividend
3121,innovation
3122,cant
3123,point
3124,sees
3125,46share
3126,significant
3127,shrinking
3128,recommendation
3129,aerospace
3130,done
3131,pct
3132,study
3133,elsennhere
3134,product
3135,unveil
3136,erosion
3137,sit
3138,forecasted
3139,hovered
3140,spewing
3141,advice
3142,idc
3143,stocknnthe
3144,describe
3145,insane
3146,implies
3147,israeli
3148,perform
3149,dividendsnnkaching
3150,signon
3151,compelling
3152,attention
3153,hill
3154,legislature
3155,boring
3156,reportnnapple
3157,suit
3158,flex
3159,yearnnit
3160,eye
3161,allows
3162,solarcity
3163,marketnna
3164,smartphonesnnthe
3165,declining
3166,wraparound
3167,bathroom
3168,centers
3169,effort
3170,design
3171,helped
3172,desktop
3173,development
3174,jetcom
3175,lite
3176,shrink
3177,mogul
3178,favorite
3179,australia
3180,whisper
3181,private
3182,bank
3183,transmitter
3184,thousands
3185,services
3186,modifications
3187,revs
3188,agricultural
3189,proposed
3190,chips
3191,sure
3192,recall
3193,acceptance
3194,fully
3195,crazy
3196,trendforce
3197,objects
3198,walk
3199,million
3200,formats
3201,belowaverage
3202,100000squarefoot
3203,cents
3204,transactions
3205,devicesnnalphabet
3206,rougennapple
3207,exclusivity
3208,meaningfully
3209,ran
3210,cancel
3211,goal
3212,valuewalknnmany
3213,discrimination
3214,capture
3215,kmart
3216,performing
3217,positivennthe
3218,dramatic
3219,wisennsummarynnwe
3220,yearnnbearing
3221,x16
3222,standouts
3223,moved
3224,stances
3225,manufactures
3226,totalnnintel
3227,products
3228,differ
3229,applications
3230,alert
3231,restroom
3232,commercial
3233,banking
3234,340mm
3235,words
3236,regarding
3237,revenuegross
3238,visitor
3239,payment
3240,nntrump
3241,lose
3242,tell
3243,improvement
3244,broken
3245,strike
3246,estimated
3247,session
3248,futures
3249,beneath
3250,threshold
3251,introduced
3252,reduction
3253,prediction
3254,ultimate
3255,give
3256,bbry
3257,swift
3258,favourably
3259,early
3260,twoyears
3261,punch
3262,cupertinobased
3263,decided
3264,ofnntsmc
3265,brief
3266,deemed
3267,reportednnplease
3268,rulings
3269,content
3270,weeks
3271,50cm
3272,allnew
3273,bezelfree
3274,reflection
3275,earningsnnintel
3276,plussized
3277,newsletternnalso
3278,storennit
3279,channel
3280,indicator
3281,growing
3282,offset
3283,perch
3284,natively
3285,reached
3286,of174
3287,delta
3288,wonderful
3289,iphonennglory
3290,s3
3291,type
3292,trillionnnthat
3293,differs
3294,announcements
3295,bootnnfor
3296,academics
3297,concerning
3298,nobrainernnplease
3299,aces
3300,help
3301,indian
3302,mainland
3303,filed
3304,revenuennthis
3305,enjoy
3306,investorsnnmore
3307,goods
3308,smartphonesnnaccording
3309,considering
3310,percent
3311,signal
3312,joining
3313,modemnnthe
3314,executives
3315,fiksu
3316,reality
3317,packing
3318,spotlighting
3319,2019e
3320,followon
3321,10period
3322,facts
3323,introduce
3324,delivery
3325,route
3326,wacc
3327,tremendous
3328,available
3329,suppose
3330,enable
3331,hp
3332,comparing
3333,drop
3334,sharennadd
3335,constant
3336,availability
3337,nature
3338,apartnnthe
3339,aapl
3340,combines
3341,hype
3342,bac
3343,gestures
3344,consumption
3345,khc
3346,publishingnnapple
3347,fundamental
3348,facebook
3349,assume
3350,ios
3351,musthave
3352,opposed
3353,policies
3354,incorporates
3355,unique
3356,month
3357,nn
3358,updatennthirdparty
3359,analytics
3360,yearold
3361,having
3362,publication
3363,momentum
3364,famous
3365,strides
3366,california
3367,adopted
3368,2016nnwith
3369,kong
3370,median
3371,limited
3372,langan
3373,faith
3374,millionaires
3375,largely
3376,modem
3377,reveal
3378,refurbished
3379,shutting
3380,premises
3381,engage
3382,four
3383,ensure
3384,winnnhow
3385,situationnnin
3386,sending
3387,reader
3388,devote
3389,bolster
3390,entire
3391,march
3392,cash
3393,biometric
3394,captivated
3395,released
3396,stationed
3397,bullishnnmomentum
3398,falling
3399,policy
3400,joins
3401,overblown
3402,especially
3403,thankfully
3404,lets
3405,driven
3406,destroy
3407,risers
3408,researchnnclearly
3409,article
3410,etfs
3411,levels
3412,handsnnplease
3413,xi
3414,tsm
3415,replenishment
3416,moderation
3417,endtoend
3418,pursuit
3419,upgrades
3420,7313852bn
3421,faculty
3422,buffet
3423,macd
3424,2018nnrusch
3425,counter
3426,presumably
3427,rival
3428,apprehension
3429,budget
3430,aimed
3431,country
3432,planet
3433,dominance
3434,scribner
3435,fitbit
3436,icloudrelated
3437,jobs
3438,unlocked
3439,keep
3440,conviction
3441,ramping
3442,201620e
3443,european
3444,pacific
3445,sequentially
3446,businessnnthe
3447,averages
3448,wallet
3449,traded
3450,sprint
3451,structure
3452,council
3453,treefilled
3454,putting
3455,payable
3456,priceearnings
3457,releases
3458,two
3459,customdesigned
3460,veteran
3461,061nnturning
3462,administration
3463,58inchesnnto
3464,built
3465,long
3466,materially
3467,labor
3468,spaceship
3469,promotional
3470,spent
3471,presently
3472,screen
3473,sources
3474,obamannlast
3475,reward
3476,differentiation
3477,heartstopping
3478,elaborate
3479,expert
3480,workings
3481,receiver
3482,designs
3483,independent
3484,owner
3485,worldnnapple
3486,happenednnwhile
3487,low
3488,telecommunications
3489,spring
3490,top
3491,mature
3492,attacked
3493,jump
3494,city
3495,totally
3496,instance
3497,spacennnext
3498,cream
3499,core
3500,minds
3501,domains
3502,stance
3503,gapped
3504,expected
3505,basis
3506,opportunity
3507,1000nnthe
3508,tracking
3509,technologies
3510,obama
3511,declines
3512,subsidiary
3513,serviceother
3514,push
3515,restore
3516,topics
3517,lives
3518,regulatory
3519,youtube
3520,yearsnn
3521,click
3522,greatest
3523,employees
3524,switch
3525,alarms
3526,location
3527,gottliebnnweekly
3528,holder
3529,acquire
3530,g6
3531,trademark
3532,subsequent
3533,leaders
3534,alerts
3535,sells
3536,movesnnapple
3537,primesense
3538,got
3539,pause
3540,qualitatively
3541,six
3542,plc
3543,modestlynn34
3544,branch
3545,slow
3546,increasing
3547,supportresistancennapple
3548,tsla
3549,eke
3550,show
3551,wireless
3552,saying
3553,won
3554,contribution
3555,anticipates
3556,explained
3557,applenncapable
3558,deceleration
3559,globalization
3560,back
3561,insights
3562,welcoming
3563,follows
3564,accurate
3565,glass
3566,alexapowered
3567,producer
3568,slowdown
3569,conditioning
3570,immediately
3571,yearoveryear
3572,clearer
3573,position
3574,caused
3575,breakaway
3576,halt
3577,xiomi
3578,offerings
3579,quarternnaapl
3580,forge
3581,arguments
3582,underlying
3583,published
3584,interesting
3585,isn
3586,stepup
3587,1h17
3588,stabilizennapple
3589,factors
3590,steadily
3591,steamrolling
3592,currently
3593,future
3594,quantitatively
3595,assessment
3596,phablets
3597,nnwhat
3598,imessage
3599,pillars
3600,sounds
3601,scanning
3602,reports
3603,knows
3604,comparisonsnn4
3605,solutions
3606,presentation
3607,installed
3608,investors
3609,committed
3610,tenfold
3611,trick
3612,environment
3613,neutral
3614,assistant
3615,thinner
3616,square
3617,school
3618,partially
3619,cannibalizing
3620,authentication
3621,countries
3622,sentiment
3623,unanimity
3624,ultrapremium
3625,tagged
3626,programs
3627,requiring
3628,gigabytes
3629,qualcomm
3630,inclusive
3631,bandnnwhile
3632,cfoceo
3633,emerged
3634,updating
3635,quick
3636,financial
3637,dive
3638,numbers
3639,rallying
3640,hbo
3641,functionalitynnin
3642,perfectly
3643,agree
3644,notes
3645,indiannslowdown
3646,reportsnni
3647,arent
3648,short
3649,stands
3650,demands
3651,halo
3652,cable
3653,innovative
3654,asps
3655,publicnn4
3656,nnwant
3657,language
3658,theory
3659,hand
3660,neutralnnon
3661,bearish
3662,instore
3663,chief
3664,aaplo
3665,patterns
3666,passes
3667,gear
3668,shifting
3669,numbersnnin
3670,watches
3671,wealth
3672,reigns
3673,govt
3674,outlook
3675,surprising
3676,pocketed
3677,worry
3678,nnview
3679,index
3680,christopher
3681,sourcing
3682,picture
3683,squeezing
3684,tale
3685,racennchina
3686,caution
3687,adr
3688,pricing
3689,customized
3690,heating
3691,netflix
3692,indiannapple
3693,adsnnexxon
3694,threatening
3695,plusnnno
3696,representing
3697,trial
3698,huberty
3699,selling
3700,keyboards
3701,interested
3702,q416
3703,incnnbuffett
3704,risknnbut
3705,build
3706,kantar
3707,camerannearlier
3708,universal
3709,bisexual
3710,sized
3711,machinennaapl
3712,spoiler
3713,valuewalk
3714,mentioning
3715,expects
3716,repeal
3717,negatively
3718,essence
3719,socalled
3720,250mm
3721,ratings
3722,eu5
3723,locations
3724,nntoday
3725,pros
3726,walmart
3727,number
3728,largecap
3729,renewed
3730,donald
3731,yearsnntechnically
3732,regular
3733,shadow
3734,news
3735,rivals
3736,answered
3737,owning
3738,grassy
3739,ftp
3740,predecessors
3741,billionnnwarren
3742,risk
3743,current
3744,restriction
3745,consistent
3746,enormous
3747,stranded
3748,gm
3749,substratelike
3750,mildly
3751,fy17
3752,makernn
3753,7s
3754,hosted
3755,ing
3756,unprecedented
3757,respect
3758,appletesla
3759,runrate
3760,closed
3761,featurerich
3762,request
3763,munster
3764,bursting
3765,ignored
3766,bought
3767,place
3768,suffer
3769,icloudnetnnthe
3770,specifically
3771,database
3772,icloudnet
3773,pe
3774,jpmorgan
3775,cheap
3776,omaha
3777,limitednnthere
3778,tick
3779,refreshed
3780,smallscreen
3781,embedded
3782,monitored
3783,appx
3784,ditching
3785,ridiculous
3786,time
3787,sale
3788,danger
3789,discover
3790,steal
3791,retail
3792,architecture
3793,adjusting
3794,employs
3795,1546x
3796,figure
3797,arrows
3798,occupation
3799,googlethis
3800,average
3801,understandable
3802,simplicitynnthere
3803,projected
3804,fund
3805,meaningful
3806,minimized
3807,13362nnthe
3808,named
3809,nnbloomberg
3810,approaches
3811,choices
3812,campus
3813,occur
3814,subtract
3815,ipad
3816,forcefully
3817,tweak
3818,reasons
3819,alphabet
3820,assuming
3821,red
3822,nndisclosure
3823,sheetsnnthe
3824,paying
3825,innovations
3826,choosing
3827,odds
3828,investmentsnnin
3829,received
3830,cmcsa
3831,corporate
3832,hnhpf
3833,ringshaped
3834,cited
3835,overlooks
3836,fit
3837,ibookstoresm
3838,suggest
3839,grew
3840,confident
3841,explores
3842,2014nnapple
3843,reportednnapple
3844,left
3845,industries
3846,manufacturers
3847,schoolsnnin
3848,park
3849,inhouse
3850,waterproofing
3851,nnfor
3852,lens
3853,lifted
3854,billion
3855,assets
3856,sustain
3857,tanked
3858,stocknntherefore
3859,performer
3860,covering
3861,seasonal
3862,statement
3863,walking
3864,13264nnthe
3865,modelsnnqualcomm
3866,weeksnnrisks
3867,daily
3868,hovers
3869,oled
3870,overtook
3871,feel
3872,conditionnnwe
3873,inverts
3874,avgo
3875,ic
3876,trait
3877,developer
3878,converted
3879,brisk
3880,stocknntipranks
3881,introduction
3882,undercut
3883,beneficial
3884,shortterm
3885,albert
3886,ways
3887,limits
3888,eddy
3889,melvin
3890,monthly
3891,automatically
3892,motorola
3893,securities
3894,consumer
3895,largest
3896,mistakes
3897,subdued
3898,functionality
3899,handle
3900,normalizing
3901,exiting
3902,purchased
3903,strong
3904,nnwe
3905,paper
3906,chances
3907,mike
3908,muchhyped
3909,stabilize
3910,productnnsecondly
3911,buzzing
3912,programmers
3913,trend
3914,recommendationnnabout
3915,foxconn
3916,derives
3917,snapchat
3918,integrating
3919,discovered
3920,valued
3921,figures
3922,iphonenn
3923,risks
3924,willingness
3925,capital
3926,costs
3927,came
3928,vice
3929,rsi
3930,equivalent
3931,funds
3932,stage
3933,wellknown
3934,mexico
3935,sticky
3936,sennas
3937,reportnniphone
3938,competition
3939,widespread
3940,colin
3941,happens
3942,dollardenominated
3943,reverse
3944,ship
3945,onesnnnote
3946,delays
3947,connection
3948,horizon
3949,duties
3950,competes
3951,jumped
3952,supplying
3953,experiencing
3954,amzn
3955,identify
3956,job
3957,isnt
3958,autopilot
3959,lumentum
3960,moderate
3961,concrete
3962,room
3963,profound
3964,modelsnnnew
3965,peakednn12
3966,salesnnon
3967,connect
3968,underrated
3969,maker
3970,execution
3971,firmware
3972,pcb
3973,weigh
3974,slightly
3975,cloudbased
3976,comp
3977,expectationsnnsource
3978,logic
3979,answer
3980,stated
3981,breaking
3982,ll
3983,orders
3984,collaboration
3985,macrumors
3986,dividend
3987,fooling
3988,offers
3989,asked
3990,keyed
3991,segment
3992,promotion
3993,revisions
3994,profile
3995,nnin
3996,learn
3997,rocketed
3998,lightemitting
3999,mashablennso
4000,buck
4001,grumbling
4002,trade
4003,eric
4004,slight
4005,largescreen
4006,ribbonnnsummarynnapple
4007,q119
4008,corp
4009,suggests
4010,cause
4011,selfie
4012,duke
4013,filled
4014,recommending
4015,art
4016,smoke
4017,investigation
4018,comcast
4019,accustomed
4020,variance
4021,changes
4022,hon
4023,strategy
4024,obsession
4025,returns
4026,generation
4027,exposure
4028,gene
4029,nnfacebook
4030,atthat
4031,stay
4032,engine
4033,window
4034,100this
4035,driver
4036,bothnnthe
4037,launchnnthe
4038,purchasing
4039,rain
4040,faces
4041,comprise
4042,broke
4043,desert
4044,eight
4045,brand
4046,vp
4047,fortunes
4048,corner
4049,cue
4050,usdnnstock
4051,collapsennapple
4052,claim
4053,continues
4054,precision
4055,peripherals
4056,johnson
4057,arcurinnin
4058,ophir
4059,moats
4060,projecting
4061,wording
4062,logistics
4063,energyefficient
4064,acquiring
4065,applennone
4066,succeed
4067,space
4068,buy
4069,avoiding
4070,sidebyside
4071,prosnnthe
4072,shared
4073,14nanometer
4074,pushed
4075,horror
4076,stretch
4077,intriguing
4078,bbc
4079,salesforcecom
4080,chain
4081,management
4082,13624nncandlesticksnna
4083,additional
4084,id
4085,kuonnhe
4086,analysis
4087,500s
4088,ding
4089,adsbygoogle
4090,weird
4091,government
4092,backdrop
4093,opt
4094,comparative
4095,laffont
4096,subscribe
4097,datannbarclays
4098,conservative
4099,olivas
4100,project
4101,nnthat
4102,exactly
4103,contributes
4104,deploy
4105,focused
4106,nnthere
4107,forex
4108,find
4109,grim
4110,cuttingedge
4111,investmentnntech
4112,alliance
4113,longdistance
4114,10nanometer
4115,regardless
4116,expenses
4117,hits
4118,bestperforming
4119,fronts
4120,opportunitynnshould
4121,contending
4122,invest
4123,quarterly
4124,2017nnbrianna
4125,nyse
4126,lifting
4127,needs
4128,picks
4129,contains
4130,50period
4131,culture
4132,gross
4133,revenuenn
4134,interface
4135,waterproof
4136,riptide
4137,tone
4138,going
4139,additionally
4140,observed
4141,tailwind
4142,construction
4143,filings
4144,nnb1
4145,pixabaynnapple
4146,taps
4147,anticipating
4148,require
4149,increasednnagain
4150,forms
4151,favorable
4152,helps
4153,gain
4154,delayed
4155,colornnmoreover
4156,importantly
4157,chance
4158,trouble
4159,segments
4160,phones
4161,entry
4162,iq
4163,striking
4164,1040nnlong
4165,blocking
4166,accessory
4167,impressivennfacebook
4168,indicate
4169,oscars
4170,256gb
4171,redirect
4172,equating
4173,premisesnn
4174,robertson
4175,anticipate
4176,orcl
4177,maxwidth
4178,backhalf
4179,acknowledges
4180,known
4181,spread
4182,spotify
4183,altogether
4184,mizuho
4185,weeknnnext
4186,strategies
4187,killing
4188,xcerion
4189,4q
4190,moment
4191,trends
4192,appl
4193,passed
4194,possible
4195,monitor
4196,norms
4197,riley
4198,backtest
4199,munger
4200,nations
4201,prescott
4202,employ
4203,able
4204,walt
4205,suggested
4206,come
4207,outnumbered
4208,plan
4209,stasisnnthis
4210,yes
4211,saturating
4212,impressed
4213,growthnnb2
4214,atrix
4215,2016nnyesterday
4216,enjoyed
4217,unfavorably
4218,enabled
4219,seamlessly
4220,janitors
4221,notably
4222,topped
4223,16gb
4224,accept
4225,languages
4226,skin
4227,doesnt
4228,51k
4229,devastating
4230,continuation
4231,confluence
4232,issues
4233,indiannbut
4234,connector
4235,disturbing
4236,nnadmittedly
4237,coatue
4238,valueadded
4239,white
4240,period
4241,respectively
4242,appears
4243,keyone
4244,leaving
4245,meet
4246,distributions
4247,sights
4248,normalnnopen
4249,seriesnnin
4250,tech
4251,capnnapple
4252,massmarket
4253,black
4254,equipped
4255,brianna
4256,returning
4257,rapidly
4258,bmo
4259,offeringnnconsumer
4260,devoted
4261,payments
4262,perks
4263,income
4264,highend
4265,jones
4266,6s6s
4267,sincennlast
4268,solid
4269,phone
4270,debut
4271,views
4272,respects
4273,oscillators
4274,cofounder
4275,ticked
4276,friendly
4277,await
4278,failures
4279,applennwhile
4280,depot
4281,giant
4282,taxes
4283,crude
4284,attacks
4285,itnnthe
4286,reading
4287,midi
4288,hightech
4289,southern
4290,itnnfour
4291,windowadsbygoogle
4292,decisionnnnn
4293,usual
4294,matches
4295,allocation
4296,emphasis
4297,loses
4298,illustrious
4299,car
4300,uncovering
4301,diminishes
4302,raising
4303,ended
4304,compensation
4305,powered
4306,pack
4307,legendary
4308,finance
4309,worldnneditor
4310,started
4311,miss
4312,sellin
4313,1000seat
4314,enormously
4315,address
4316,founder
4317,bottom
4318,persist
4319,heavy
4320,wasn
4321,projects
4322,amazing
4323,disappointment
4324,wave
4325,respectivelynni
4326,588nnfitbit
4327,concessions
4328,called
4329,berenberg
4330,considerable
4331,soon
4332,hurrah
4333,globally
4334,absent
4335,10695786bn
4336,agonnfrom
4337,organization
4338,history
4339,state
4340,cnbcnntechnology
4341,measure
4342,expressed
4343,assured
4344,capitalintensive
4345,growthnninnovation
4346,stochastic
4347,microsoft
4348,idea
4349,reduce
4350,expectationsnncowen
4351,newsnnthe
4352,icloudcom
4353,mind
4354,fair
4355,pronouncednnthe
4356,developed
4357,closednnihs
4358,plansnnheading
4359,jack
4360,certainly
4361,compares
4362,headwind
4363,eventnnmeanwhile
4364,alter
4365,discrete
4366,happy
4367,smooth
4368,8152013nnon
4369,showing
4370,marking
4371,backend
4372,publicly
4373,letting
4374,closednn
4375,tough
4376,ambitions
4377,crashing
4378,regard
4379,advertisingnnfacebook
4380,skus
4381,law
4382,shareholdersnndoes
4383,luxury
4384,units
4385,stack
4386,2011nnbeyond
4387,basennbut
4388,refused
4389,tapennwant
4390,os
4391,owned
4392,paired
4393,english
4394,pits
4395,revenuennpersonally
4396,hadnnthe
4397,investorsnnyou
4398,unearthing
4399,fcf
4400,grown
4401,showed
4402,put
4403,trickle
4404,popularity
4405,corporation
4406,explosionnnlithiumion
4407,risen
4408,demand
4409,center
4410,forbes
4411,pundits
4412,contributionnnin
4413,q117
4414,58inch
4415,closure
4416,portable
4417,fairy
4418,tomorrow
4419,sheltered
4420,retweeted
4421,verona
4422,sterne
4423,wonder
4424,knockoff
4425,near
4426,music
4427,impeccable
4428,thoughtsnni
4429,ft
4430,upgrading
4431,likewise
4432,hasty
4433,jet
4434,electronics
4435,screenshot
4436,problemsnnthe
4437,composed
4438,value
4439,season
4440,rely
4441,letter
4442,variants
4443,vocal
4444,addressable
4445,64gigabyte
4446,rates
4447,portfolios
4448,shareholding
4449,fiercely
4450,uspto
4451,bitly2lt6h3z
4452,annualized
4453,developmentnnto
4454,criticism
4455,latest
4456,9to5mac
4457,modelnnas
4458,15nnhall
4459,mutual
4460,countrynnwhile
4461,sectors
4462,glassnn
4463,revert
4464,gaps
4465,symbol
4466,busy
4467,generations
4468,indepth
4469,usersnn42
4470,gains
4471,databasesnnon
4472,recordbreaking
4473,brkb
4474,thenpresident
4475,later
4476,fingerprint
4477,remained
4478,bullishnnlong
4479,fails
4480,regain
4481,thirdparty
4482,stayed
4483,47inch
4484,weighing
4485,storennon
4486,chinann13
4487,entirelynntipranks
4488,droptest
4489,revamped
4490,happennnthis
4491,determine
4492,misunderstanding
4493,goog
4494,voters
4495,foreseeable
4496,paas
4497,valid
4498,compact
4499,entertaining
4500,continuum
4501,oppositennrsi
4502,missing
4503,efficiency
4504,hinted
4505,stops
4506,charger
4507,nnup
4508,international
4509,recode
4510,amwe
4511,foster
4512,weak
4513,rick
4514,postelection
4515,sample
4516,qcom
4517,intc
4518,12x
4519,course
4520,herenn
4521,noise
4522,backman
4523,higherend
4524,speaking
4525,personal
4526,investments
4527,posted
4528,behavior
4529,pixel
4530,ceasednnthis
4531,silicon
4532,wary
4533,improved
4534,starting
4535,prices
4536,facilities
4537,yahoo
4538,installations
4539,unit
4540,pattern
4541,native
4542,element
4543,ground
4544,itnnthat
4545,cumulative
4546,oil
4547,think
4548,banks
4549,differentiates
4550,selfies
4551,midtohigh
4552,upnnboth
4553,various
4554,cybersecurity
4555,turbines
4556,ballistic
4557,substantial
4558,5s
4559,advantages
4560,conservatively
4561,bangalore
4562,writing
4563,tower
4564,assembling
4565,volume
4566,ideas
4567,secure
4568,main
4569,awaiting
4570,determines
4571,rake
4572,beatable
4573,6s
4574,analysisnnoverall
4575,wholesalers
4576,dissatisfaction
4577,duration
4578,confers
4579,opec
4580,anythingnnif
4581,queries
4582,jc
4583,comfortable
4584,held
4585,otcmkts
4586,oxfam
4587,regards
4588,mixed
4589,affect
4590,declined
4591,renewable
4592,retailers
4593,corps
4594,overboughtnnapple
4595,editionnnas
4596,wo
4597,market
4598,density
4599,wrestle
4600,biannual
4601,advertisersapple
4602,makennalphabet
4603,negative
4604,similar
4605,expensive
4606,ringing
4607,discuss
4608,issuenn
4609,multiplennthen
4610,times
4611,warning
4612,nonpremium
4613,tap
4614,stockholders
4615,result
4616,makers
4617,shot
4618,difference
4619,begun
4620,comtech
4621,imagazine
4622,morningnnagainst
4623,nnshares
4624,currency
4625,centric
4626,arrive
4627,stories
4628,plays
4629,analyze
4630,uptrend
4631,utilities
4632,turned
4633,authentec
4634,coming
4635,holidayshortened
4636,a9x
4637,delves
4638,charged
4639,previously
4640,solution
4641,snapped
4642,phonennthe
4643,digits
4644,progress
4645,exhaustion
4646,weeknni
4647,cost
4648,concentrated
4649,nnif
4650,photosnnwe
4651,checks
4652,reiterated
4653,peep
4654,cycles
4655,productsfeatures
4656,high
4657,better
4658,provider
4659,reminds
4660,parklands
4661,information
4662,optionsnnsources
4663,intel
4664,conservativenni
4665,glassnnsupply
4666,2016nnapple
4667,growthnnbut
4668,hathaway
4669,networking
4670,outperform
4671,smart
4672,covered
4673,setting
4674,intends
4675,closer
4676,stepped
4677,augmented
4678,evaluate
4679,unbiased
4680,earnings
4681,sharing
4682,replacing
4683,united
4684,quickly
4685,repair
4686,effect
4687,cylindersnncompany
4688,julian
4689,san
4690,embed
4691,expectnnwe
4692,generally
4693,discussions
4694,integration
4695,samsung
4696,undoubtedly
4697,reporting
4698,ipads
4699,hurdle
4700,prioryear
4701,gap
4702,customernnnext
4703,cliffnnthis
4704,undervaluednnoverall
4705,downfall
4706,aaplnni
4707,talks
4708,34228272nnshortterm
4709,modelnnthe
4710,turns
4711,nnaapl
4712,wildly
4713,math
4714,yearsnnthe
4715,group
4716,nnforget
4717,changednnon
4718,businesses
4719,cfo
4720,trillionnnmore
4721,fastnnyou
4722,easiest
4723,belownnthus
4724,air
4725,indicated
4726,safetynngiven
4727,constrained
4728,hall
4729,vivo
4730,lownnthe
4731,trying
4732,advanced
4733,express
4734,automotive
4735,struggled
4736,december
4737,fundamentals
4738,upsidennby
4739,comment
4740,upper
4741,servicesnnnext
4742,growthnn
4743,cupertino
4744,acts
4745,believing
4746,composite
4747,gold
4748,department
4749,millionnnxcerion
4750,german
4751,accelerated
4752,directors
4753,reportednnin
4754,multiple
4755,equality
4756,ones
4757,encouraged
4758,turn
4759,battle
4760,taiwan
4761,whynntwo
4762,fixed
4763,machines
4764,flows
4765,losing
4766,respectivelynnin
4767,applennlongterm
4768,devicennsource
4769,parts
4770,mark
4771,jackson
4772,cisco
4773,issued
4774,worldwide
4775,stasis
4776,htc
4777,storesnndividend
4778,leicabranded
4779,easier
4780,memo
4781,aspire
4782,blended
4783,user
4784,world
4785,ventures
4786,quote
4787,cyclesnnat
4788,featured
4789,snapdragon
4790,law360
4791,129inch
4792,earlier
4793,record
4794,cannibalization
4795,havent
4796,integrity
4797,eventually
4798,precisely
4799,convenience
4800,bet
4801,fresh
4802,intend
4803,affected
4804,shipmentsnnon
4805,uncertainty
4806,factoring
4807,argument
4808,shareholdersnngiven
4809,automaker
4810,kraft
4811,fans
4812,jobsinspired
4813,spokesperson
4814,ychartsnnof
4815,blip
4816,secretaries
4817,integritynnfurthermore
4818,portrayed
4819,examine
4820,malware
4821,battleground
4822,took
4823,saturated
4824,companynnsmartphones
4825,clout
4826,catalyst
4827,davd
4828,addition
4829,indicators
4830,east
4831,complexnnthink
4832,overpriced
4833,lucrative
4834,trillionaire
4835,adds
4836,achieve
4837,profilennapple
4838,foray
4839,superficial
4840,ar
4841,cutthroat
4842,fy18
4843,softness
4844,barron
4845,monthsnnright
4846,exhibit
4847,assembly
4848,crossroads
4849,investorplacennthe
4850,players
4851,quarters
4852,workers
4853,reductions
4854,figuring
4855,replacement
4856,weeknnblackberry
4857,points
4858,energy
4859,gave
4860,lowerpriced
4861,prepares
4862,fitness
4863,europe
4864,stainlesssteel
4865,23nnvolume
4866,following
4867,potentially
4868,multiplied
4869,competitors
4870,gem
4871,upping
4872,departments
4873,cob
4874,sidelined
4875,dramatically
4876,power
4877,techverse
4878,completely
4879,iphonennthis
4880,diversify
4881,2017nnsamsung
4882,africa
4883,federal
4884,labeled
4885,downloaded
4886,utilizes
4887,wraps
4888,venue
4889,conferencing
4890,estimates
4891,extremely
4892,itnnboth
4893,buffett
4894,nt
4895,hardware
4896,calculation
4897,linennand
4898,capitalize
4899,xom
4900,yearnnsummarizing
4901,trader
4902,nnturns
4903,essentially
4904,delivers
4905,case
4906,productnnthe
4907,addednnthe
4908,chipmaker
4909,accrues
4910,hit
4911,borderline
4912,nnbuffett
4913,termnn14
4914,best
4915,central
4916,italynnnew
4917,page
4918,separate
4919,exchanges
4920,prepared
4921,write
4922,nnnnflickrnnshares
4923,release
4924,usefulness
4925,takennin
4926,fire
4927,representative
4928,arrives
4929,earningsnnearnings
4930,deals
4931,machine
4932,encapsulated
4933,sharennconclusionnnwith
4934,suggesting
4935,indexes
4936,entertainment
4937,incredibly
4938,wouldnt
4939,eventnnplease
4940,nni
4941,thing
4942,fears
4943,deal
4944,method
4945,worth
4946,economic
4947,lately
4948,third
4949,lee
4950,crowdfunding
4951,nvidia
4952,chose
4953,ideannand
4954,blew
4955,ticker
4956,paid
4957,realm
4958,today
4959,safe
4960,hurtnna
4961,nna
4962,conference
4963,dips
4964,closes
4965,competent
4966,found
4967,againnn32
4968,ir
4969,billionnnof
4970,term
4971,14081nnthe
4972,nflx
4973,vanguard
4974,powering
4975,newer
4976,waiting
4977,relevant
4978,decide
4979,avatars
4980,sentiments
4981,fundsnncheck
4982,competitive
4983,sebuying
4984,sockets
4985,itnnusing
4986,s4
4987,adopt
4988,mirror
4989,modelsnnby
4990,mantle
4991,wise
4992,home
4993,comments
4994,blunt
4995,decembernninstead
4996,removing
4997,einhorn
4998,line
4999,positions
5000,innovationnnwill
5001,garners
5002,10thanniversary
5003,pronnapple
5004,human
5005,justifies
5006,"networksnnapple
"
