offer,1
informational,2
japan,3
july,4
narrative,5
pictwittercomsq8cjt4y69,6
firmnnnetflix,7
modest,8
look,9
profit,10
incnnin,11
sunday,12
possibly,13
td,14
sherri,15
ballpark,16
incentives,17
described,18
contacts,19
unexpected,20
streams,21
issuesnnto,22
majority,23
compromised,24
expanded,25
hitting,26
getting,27
foreign,28
clearly,29
revenues,30
awarded,31
constitutes,32
macotakara,33
serveraccording,34
storesm,35
significantlynn43,36
eps,37
steve,38
recognize,39
diverge,40
lead,41
forecasts,42
scenario,43
breakdown,44
stores,45
sharecash,46
damaged,47
pocket,48
peers,49
marknnthat,50
yearnnaccording,51
incremental,52
heightsnnon,53
scheme,54
sluggish,55
cooperation,56
exists,57
story,58
bad,59
adjust,60
glance,61
forthcoming,62
featurennnext,63
initiating,64
rollout,65
finished,66
infrastructure,67
professional,68
ecommerce,69
press,70
barcelonannfeatures,71
webbased,72
pipe,73
lowend,74
prototypes,75
downloadsnnthough,76
share,77
multiples,78
cyclical,79
benefits,80
senior,81
accurately,82
former,83
nntipranks,84
preliminary,85
live,86
shortnnalready,87
hefty,88
nnstreetauthority,89
integral,90
safetynnputting,91
lowest,92
seeks,93
tradennapple,94
solely,95
talent,96
stable,97
heard,98
overcome,99
differentnnthis,100
gating,101
magazine,102
enterprise,103
lookup,104
pair,105
condition,106
feasible,107
growthnnsource,108
inspiration,109
rent,110
concern,111
revolutionized,112
screens,113
ministry,114
security,115
touting,116
cboe,117
indefinitelynnas,118
score,119
historical,120
stratosphere,121
money,122
nasdaqoth,123
outspend,124
cramernnaccording,125
notebook,126
light,127
business,128
highs,129
infusion,130
disqus,131
edge,132
tape,133
fluctuations,134
disrupted,135
wouldn,136
led,137
transgender,138
powernn6,139
winners,140
97inch,141
accountability,142
morsel,143
general,144
rankings,145
severely,146
stake,147
onennthere,148
stock,149
asian,150
capitalisation,151
ahead,152
fb,153
supportive,154
incite,155
least,156
brands,157
mining,158
headphones,159
reportnnto,160
handset,161
robert,162
conjunction,163
survey,164
thinks,165
iterative,166
opportunistic,167
bezel,168
hindsight,169
face,170
strategynnof,171
finally,172
courting,173
verge,174
larger,175
securitynnwould,176
indices,177
companies,178
form,179
gets,180
gates,181
purchases,182
met,183
iphone,184
summary,185
climb,186
manages,187
game,188
markit,189
airline,190
ve,191
sixth,192
terminals,193
battery,194
amicus,195
implementing,196
helping,197
superpremium,198
weekend,199
expansion,200
cooknnit,201
legislation,202
watch,203
revolutionary,204
merrill,205
soared,206
copying,207
cheers,208
ecosystem,209
tools,210
stone,211
2015nnthe,212
events,213
600px,214
downsides,215
onethird,216
problem,217
achieved,218
pace,219
hoursnni,220
narendra,221
cuts,222
cheer,223
aggressive,224
technology,225
075x,226
livesnnwith,227
successful,228
cliff,229
range,230
algorithms,231
equates,232
portion,233
president,234
summernnin,235
expansions,236
2012nnsource,237
voted,238
director,239
microsources,240
borderless,241
chat,242
hd,243
associated,244
holiday,245
movements,246
device,247
old,248
cheering,249
files,250
removednnb,251
slipping,252
resource,253
customary,254
close,255
historically,256
thought,257
nnit,258
piece,259
itnnfirst,260
nearnn,261
sensor,262
ba,263
pod,264
rolland,265
extending,266
manufacturer,267
iphonennthe,268
fastestgrowing,269
datanngiven,270
inclined,271
tradingnnas,272
assessed,273
mounting,274
achieving,275
single,276
merely,277
furthernnunless,278
quartz,279
search,280
nnheight280px,281
candlesnna,282
oracle,283
boosts,284
applennthe,285
beats,286
multipurpose,287
extra,288
techcrunchnnthe,289
media,290
demonstrates,291
relatively,292
wider,293
fortune,294
nndisplay,295
nasdaq100,296
elements,297
giving,298
positives,299
upside,300
fate,301
feb,302
nnfrom,303
amounted,304
looks,305
flamesnnbrianna,306
society,307
13f,308
nnfitbit,309
spending,310
threeyear,311
utmost,312
valuation,313
licensing,314
date,315
highlighted,316
reportnnthe,317
materialize,318
benefitnnremember,319
shows,320
edgetoedge,321
20170207nnwritten,322
neighbor,323
educational,324
oneoff,325
bothnnapple,326
initiate,327
denied,328
specific,329
5818169bn,330
james,331
jobsnnaction,332
realitynn9to5,333
announced,334
meeting,335
presidential,336
wearables,337
connected,338
technical,339
128gb,340
disagree,341
correction,342
tripledigit,343
retailer,344
insidernnapple,345
camerannas,346
unanimous,347
carriers,348
realface,349
annoying,350
field,351
closednnlee,352
elaborates,353
fat,354
caf,355
action,356
aviv,357
accelerate,358
mcap,359
viable,360
limiting,361
proprietary,362
return,363
spend,364
ttm,365
warns,366
challenge,367
regurgitate,368
likelihood,369
observations,370
tdlteadvanced,371
premier,372
oppo,373
blogs,374
marketnnrash,375
revoked,376
shame,377
tasks,378
indx,379
gained,380
five,381
aboard,382
volatility,383
opened,384
mad,385
linennthe,386
highest,387
chinannso,388
impairment,389
himselfnnb,390
lagging,391
colorwarennit,392
indicatorsnnstochastic,393
opposing,394
creationnnwith,395
charlie,396
crisis,397
memory,398
related,399
comparison,400
retailing,401
intelnnbeyond,402
curvededged,403
goldman,404
32gb,405
axp,406
q1,407
fifteen,408
endeavor,409
nn1,410
photosnnread,411
icloudcouk,412
researchdriven,413
monetizing,414
stanley,415
celebrating,416
sub,417
poor,418
cover,419
values,420
diagnostic,421
oversold,422
nnapple,423
structurally,424
pricetoearnings,425
steam,426
timeline,427
hoard,428
app,429
capacitive,430
replaced,431
cat,432
social,433
ram,434
ongoing,435
heffx,436
aseries,437
naturally,438
districts,439
wings,440
expenditure,441
opinions,442
diluted,443
extreme,444
momentary,445
rearfacing,446
prepping,447
bets,448
opportunities,449
marketnnit,450
version,451
develop,452
endows,453
sleevennapple,454
reportsnnthe,455
people,456
distributed,457
reportnninvestors,458
nninterestingly,459
switching,460
chasm,461
discussing,462
observe,463
tuesday,464
doubledigit,465
micro,466
aipowered,467
win,468
knowhow,469
fifth,470
support,471
cut,472
zackscom,473
sectornni,474
8142014nnabout,475
oi,476
disclosures,477
divergencennwe,478
decrease,479
disappointing,480
minwidth,481
reportednnit,482
april,483
8th,484
sizable,485
thieves,486
doubling,487
contributing,488
walls,489
system,490
xyz,491
agreements,492
avatar,493
dime,494
overvalution,495
slump,496
ratennsubscriptionbased,497
appreciatednndisclosure,498
billionnnas,499
ten,500
commentators,501
bloggers,502
direct,503
head,504
modelsnnsources,505
promise,506
platforms,507
storesnnapple,508
expensivennwhile,509
1h18,510
margins,511
americas,512
update,513
tear,514
2gb,515
accounts,516
yearnnhowever,517
nnby,518
rescind,519
past,520
successfactors,521
realistic,522
simultaneously,523
overnight,524
dieselelectric,525
pain,526
drill,527
probable,528
informed,529
feeling,530
usdnnshares,531
working,532
tourist,533
threeyears,534
journal,535
funding,536
tune,537
nna3,538
modelnnmy,539
peek,540
benefit,541
itapple,542
tau,543
select,544
clothes,545
risksnnnext,546
final,547
family,548
fiscal,549
teens,550
play,551
factor,552
13721nncandlesticksnna,553
auditorium,554
gender,555
trajectorynnfor,556
sum,557
broadcom,558
boils,559
prefer,560
making,561
gas,562
mover,563
candlesnnan,564
upbeat,565
arcuri,566
guard,567
produce,568
scenariosnna,569
pictures,570
annual,571
forecasting,572
original,573
acting,574
create,575
focusing,576
embedding,577
12month,578
xinfused,579
based,580
1m,581
targets,582
stimulate,583
monitoring,584
forced,585
glimpse,586
bullsnnif,587
bigscreen,588
allow,589
passive,590
couple,591
slide,592
conclusionsnnlg,593
nntherefore,594
realnniphone,595
quietly,596
outrightnnwhen,597
aws,598
holding,599
loup,600
quartersnnfinal,601
researchnncho,602
rated,603
tag,604
4g,605
function,606
inspur,607
digest,608
background,609
justifications,610
loves,611
possesses,612
inline,613
builds,614
configuration,615
equity,616
dire,617
module,618
identifiable,619
arizona,620
successfully,621
7plus,622
combining,623
technologiesnnthis,624
pulled,625
threat,626
proven,627
supplydemand,628
description,629
distance,630
proper,631
topic,632
q117nnit,633
buyernnandroid,634
exploding,635
basic,636
remaining,637
profited,638
truth,639
8000nnon,640
languagennfor,641
lowering,642
designed,643
royalties,644
cdma,645
microprocessor,646
kit,647
decision,648
expectedly,649
uses,650
cci,651
interestingly,652
periods,653
streetauthority,654
order,655
4q16,656
tends,657
noted,658
winnernncompetitors,659
timing,660
legal,661
unanticipated,662
underglass,663
junennthis,664
bang,665
fourstar,666
256x,667
phase,668
herennzacks,669
fantastic,670
3rd,671
facial,672
macs,673
editing,674
fairly,675
hdr,676
estimate,677
application,678
eversolennthe,679
nnthese,680
charging,681
mobile,682
macbook,683
dipp,684
mill,685
shareholders,686
drives,687
viewsnnso,688
large,689
nnanalyst,690
sitters,691
sapphire,692
technologynnfor,693
barack,694
contracts,695
employee,696
pertaining,697
wanted,698
guaranteed,699
pessimistic,700
videos,701
increases,702
beneficially,703
datennexxon,704
wad,705
respective,706
obviously,707
ax,708
added,709
buynnon,710
asking,711
terribly,712
present,713
shipping,714
reasonably,715
cleveland,716
galaxy,717
sales,718
migration,719
bloomberg,720
slowly,721
nnthis,722
reportedly,723
discussed,724
saturation,725
improving,726
buffetttype,727
writesnnthe,728
divergencennoverall,729
existing,730
negativity,731
commodity,732
headwindnnone,733
looked,734
intense,735
ultimately,736
pebble,737
weakness,738
failure,739
zt,740
hover,741
truly,742
clsa,743
capped,744
commend,745
frequent,746
panels,747
focus,748
unqualified,749
clearcut,750
italian,751
mode,752
asset,753
57inch,754
aboveaverage,755
memennapple,756
customer,757
entail,758
recommendations,759
picking,760
natural,761
drawn,762
fourth,763
comps,764
overboughtnnintermediate,765
bumped,766
incrementally,767
bulk,768
users,769
partner,770
10934nnvolatility,771
boost,772
andor,773
musicdespite,774
monthlong,775
broader,776
surged,777
develops,778
quarternnwell,779
poll,780
melting,781
16gigabyte,782
roughly,783
x20,784
ironic,785
readies,786
overvalued,787
thoughtsnnnearterm,788
9to5,789
ingrain,790
equal,791
10day,792
sustained,793
zacks,794
sell,795
struggle,796
explains,797
iris,798
bigger,799
lower,800
narrowed,801
taking,802
12714nnthe,803
rights,804
exponential,805
outperformed,806
states,807
turnaround,808
torched,809
earningsnnhome,810
obstacles,811
trendingnnnote,812
parties,813
buybacks,814
partners,815
venture,816
applennin,817
ranking,818
14921nnthese,819
2017nnmanagement,820
weekendnnand,821
lacked,822
riskynnoppenheimer,823
agonnrex,824
aversionnnjust,825
requests,826
q114,827
24507156nntechnical,828
driversnnlooking,829
clients,830
interview,831
networks,832
iteration,833
hands,834
planning,835
inlineblock,836
talentnnprice,837
gartner,838
lifts,839
growthnnthe,840
details,841
gotomarket,842
guidelines,843
running,844
revenue,845
nnhere,846
efforts,847
buzz,848
togethernnthus,849
combined,850
kingnntherefore,851
source,852
grab,853
photos,854
supply,855
flat,856
rally,857
flexible,858
perspectivennbut,859
movies,860
unclear,861
establishing,862
opex,863
accessories,864
supports,865
corporations,866
munsternnhowever,867
pt,868
margin,869
surprised,870
faulty,871
shotnnberkshire,872
otakara,873
bitmoji,874
siripowered,875
frontnnhome,876
option,877
effectnnwe,878
event,879
strategiesgoogle,880
sizes,881
opines,882
2016nnstill,883
identical,884
microns,885
diesel,886
plans,887
othersnnpay,888
reigned,889
acceleration,890
werent,891
half,892
relaxation,893
functionalities,894
smallest,895
slumped,896
longterm,897
dependent,898
backed,899
families,900
nnmanual,901
ditch,902
doubled,903
francisco,904
initiated,905
overruns,906
brka,907
donni,908
measured,909
belief,910
watchos,911
marketnnwhat,912
workload,913
nnmoreover,914
2132014nnon,915
target,916
hong,917
billionnnwhile,918
tel,919
cloudme,920
australiannthe,921
12megapixel,922
kirin,923
nnthe,924
chompnnrecent,925
pulling,926
onnnhow,927
invention,928
addresses,929
weekly,930
needle,931
talked,932
disagrees,933
delve,934
indicating,935
imagine,936
harvest,937
positive,938
interpreting,939
yearin,940
stupidity,941
calling,942
losersnnmany,943
barely,944
closing,945
functions,946
loyal,947
taxesnnthe,948
level,949
bloody,950
marginally,951
nninvestor,952
perceived,953
iosnnexclusive,954
grasp,955
ceo,956
strongest,957
bound,958
lowcost,959
25d,960
japanese,961
bids,962
take,963
digestion,964
startup,965
data,966
12500nnon,967
againnnapple,968
section,969
particularly,970
initially,971
meters,972
displays,973
profits,974
leverage,975
sitting,976
applennwhat,977
happen,978
packnnfurther,979
created,980
levelsnnhowever,981
repatriating,982
literally,983
january,984
ibmnni,985
crosses,986
hulu,987
shooting,988
barinspired,989
pfcf,990
sands,991
jumping,992
improve,993
replaces,994
invert,995
edition,996
aren,997
soldin,998
worldnncompanies,999
experienced,1000
copycatnnthe,1001
destroys,1002
europeans,1003
chooses,1004
reflect,1005
maintain,1006
rejected,1007
providing,1008
lcd,1009
earningsnngoogl,1010
detail,1011
nnkeep,1012
seven,1013
similarly,1014
realizes,1015
todaynngoing,1016
panel,1017
associate,1018
millionnnanalysts,1019
signs,1020
discounted,1021
trackers,1022
primary,1023
translations,1024
great,1025
feeds,1026
discounting,1027
developing,1028
alex,1029
ago,1030
pronngoogle,1031
nearly,1032
pedestrian,1033
variant,1034
fourthgeneration,1035
corresponding,1036
79inch,1037
possibility,1038
bofamlnnapple,1039
continuing,1040
surface,1041
engineer,1042
expectations,1043
economically,1044
compared,1045
servicesoftware,1046
changer,1047
onlinennplease,1048
interest,1049
drainagennmoreover,1050
agreement,1051
attracted,1052
court,1053
assetsnnsource,1054
nnwho,1055
subscriptions,1056
platform,1057
incident,1058
presented,1059
outsized,1060
taken,1061
jane,1062
effected,1063
resultsnnconfirming,1064
putcall,1065
decried,1066
cautiously,1067
contributorsnndisclosure,1068
dip,1069
mission,1070
dropped,1071
dashes,1072
represents,1073
paints,1074
disposable,1075
shares,1076
due,1077
barclays,1078
re,1079
flawed,1080
gives,1081
alongside,1082
belownnthank,1083
meaningfulnni,1084
monetize,1085
keen,1086
backs,1087
q216,1088
shipmentasp,1089
awareness,1090
charitable,1091
reportnnmoreover,1092
ibm,1093
onsite,1094
report,1095
lg,1096
cautious,1097
button,1098
lows,1099
free,1100
touching,1101
standalone,1102
managed,1103
testing,1104
try,1105
dotcom,1106
engines,1107
lte,1108
keyboard,1109
128gigabyte,1110
kings,1111
volumenn136230,1112
usage,1113
cattle,1114
csco,1115
2017nncorroborating,1116
productsnnthere,1117
snippet,1118
modems,1119
android,1120
text,1121
online,1122
signals,1123
education,1124
extractnndiminishing,1125
cnbc,1126
ford,1127
concentration,1128
good,1129
mentioned,1130
favor,1131
agonncommodity,1132
hai,1133
recurring,1134
gotham,1135
minister,1136
profitablennalternatively,1137
javascript,1138
announce,1139
treated,1140
g5,1141
theater,1142
29nnthe,1143
radical,1144
pending,1145
slated,1146
launch,1147
deutsche,1148
leveraging,1149
9b,1150
leapt,1151
difficulty,1152
tipranks,1153
calls,1154
television,1155
nownnplease,1156
averaging,1157
loading,1158
ties,1159
preparing,1160
begin,1161
rise,1162
predicts,1163
results,1164
open,1165
dis,1166
deterioration,1167
surmisesnnaccording,1168
googl,1169
didn,1170
deeper,1171
second,1172
earningssales,1173
particular,1174
documents,1175
catch,1176
globalized,1177
consider,1178
135nnthat,1179
2020nnthe,1180
duck,1181
initiates,1182
mass,1183
body,1184
host,1185
comparablestore,1186
portfolio,1187
sec,1188
homepage,1189
carmaker,1190
outstanding,1191
investiture,1192
largescale,1193
lgbt,1194
compatible,1195
increase,1196
jinping,1197
sg,1198
gamble,1199
notnnhere,1200
modi,1201
gmbh,1202
projections,1203
plus,1204
500nnapple,1205
applennabout,1206
upgradesnn24,1207
lineup,1208
briefing,1209
loyalty,1210
wet,1211
computer,1212
featurennthe,1213
evergreen,1214
lesbian,1215
economies,1216
love,1217
ring,1218
capabilities,1219
dampened,1220
sensors,1221
dividends,1222
hope,1223
unlock,1224
leadup,1225
wait,1226
showcase,1227
slower,1228
mantrannin,1229
idsecure,1230
surge,1231
divergences,1232
gaap,1233
strife,1234
persistent,1235
receives,1236
ranked,1237
vicepresident,1238
identified,1239
generated,1240
ace,1241
readjustments,1242
rest,1243
looking,1244
upcoming,1245
powerful,1246
elon,1247
sentences,1248
criteria,1249
healthcare,1250
eliminated,1251
move,1252
diary,1253
incorporate,1254
avatarbuilding,1255
obvious,1256
popular,1257
contract,1258
longer,1259
causing,1260
advancements,1261
mashablennthe,1262
manufacture,1263
reflected,1264
disappear,1265
implemented,1266
say,1267
claims,1268
decelerating,1269
flow,1270
omnichannel,1271
answering,1272
lynch,1273
operating,1274
reform,1275
store,1276
ability,1277
auto,1278
friends,1279
thanks,1280
swing,1281
modeled,1282
recently,1283
unrivaled,1284
swedish,1285
proved,1286
producers,1287
dissolves,1288
bringing,1289
traders,1290
ventilated,1291
a10x,1292
crt,1293
questionnnas,1294
cowen,1295
phenomenon,1296
nna1,1297
metaionniphone,1298
evenly,1299
resellers,1300
assess,1301
markedly,1302
earned,1303
bodynnmomentum,1304
rod,1305
bill,1306
nnevery,1307
gay,1308
irrationality,1309
status,1310
underperforming,1311
computing,1312
tsmcnnwhat,1313
5g,1314
simple,1315
missed,1316
cameras,1317
stocknnto,1318
happened,1319
equipment,1320
modestly,1321
servers,1322
visit,1323
congress,1324
nnwalmart,1325
reputation,1326
terminal,1327
wide,1328
eikon,1329
apps,1330
made,1331
offshore,1332
overbought,1333
versions,1334
canalys,1335
passing,1336
rooftop,1337
acquirednnearlier,1338
exchanged,1339
carries,1340
evidence,1341
introducing,1342
conservatism,1343
nation,1344
breakthrough,1345
variety,1346
brought,1347
14716nnthe,1348
celebrate,1349
books,1350
participated,1351
undervalued,1352
agee,1353
north,1354
classic,1355
playing,1356
license,1357
multifaceted,1358
fullscreen,1359
difficult,1360
player,1361
seek,1362
upsell,1363
eyes,1364
agonnmacdnnthe,1365
mac,1366
daynnberkshire,1367
strikennwith,1368
pc,1369
backward,1370
sears,1371
scaling,1372
features,1373
size,1374
arise,1375
abandoned,1376
feat,1377
lot,1378
predicted,1379
sizennin,1380
download,1381
expresses,1382
asr,1383
6snnthat,1384
icloudus,1385
signifies,1386
snap,1387
techcrunch,1388
easy,1389
pride,1390
knowledge,1391
giantsnnfirst,1392
fence,1393
saidnnapple,1394
moskowitz,1395
primarily,1396
gaming,1397
continue,1398
directly,1399
permission,1400
sa,1401
runaway,1402
nnwidth300px,1403
punitive,1404
dresser,1405
dollars,1406
avoided,1407
adoption,1408
snapon,1409
icloudeu,1410
dollar,1411
denotes,1412
leads,1413
brilliance,1414
abandon,1415
sdk,1416
tab,1417
assumptions,1418
telecom,1419
ask,1420
profitable,1421
astute,1422
offered,1423
log,1424
trending,1425
accepted,1426
agonnrelative,1427
convergencedivergence,1428
privacy,1429
connectivity,1430
visible,1431
higherpriced,1432
challenges,1433
conflict,1434
briefapple,1435
continued,1436
ordered,1437
color,1438
occupies,1439
manufactured,1440
digital,1441
pressure,1442
frontrunner,1443
poised,1444
briannaolivas,1445
trio,1446
facets,1447
facetime,1448
influence,1449
trump,1450
groups,1451
competitorsnnthe,1452
overwhelming,1453
thickness,1454
weighted,1455
recognizes,1456
smartwatch,1457
remain,1458
shy,1459
announcement,1460
largeformat,1461
modelnnsource,1462
nnfurthermore,1463
hoped,1464
mirrors,1465
meaning,1466
wowing,1467
billiondollar,1468
upgrade,1469
averaged,1470
watchcompatible,1471
chip,1472
tangible,1473
hints,1474
vulnerability,1475
canadian,1476
ballooning,1477
war,1478
capex,1479
macworld,1480
stretched,1481
elongating,1482
managernnafter,1483
deliver,1484
iphonennsource,1485
edited,1486
ipadlike,1487
properties,1488
kgi,1489
nnfinally,1490
immigration,1491
marching,1492
comeback,1493
blocks,1494
pit,1495
fastgraphsnnit,1496
idnnwe,1497
tdlte,1498
appeal,1499
newsletter,1500
weeksnnthis,1501
polish,1502
alternatively,1503
frontfacing,1504
polled,1505
driving,1506
buysell,1507
macbookimac,1508
assumes,1509
springnnnnnngoogle,1510
forwardnnaccording,1511
tim,1512
twice,1513
rusch,1514
pile,1515
placed,1516
rumormongers,1517
nnnnapple,1518
replace,1519
flowing,1520
chipsets,1521
excerpt,1522
capita,1523
harmonize,1524
usable,1525
erodingnndespite,1526
tablets,1527
awaynnthe,1528
means,1529
efficient,1530
anytime,1531
voicing,1532
ssnlf,1533
seize,1534
motivation,1535
cellular,1536
defective,1537
surveys,1538
success,1539
considerably,1540
pro,1541
drops,1542
willing,1543
redesigned,1544
nn11,1545
17007240bn,1546
priced,1547
singlesession,1548
monopolistic,1549
components,1550
suppliers,1551
mitigation,1552
televisionsnnnonetheless,1553
exciting,1554
accretion,1555
splash,1556
s8,1557
modelsnnapple,1558
rebalance,1559
applennapple,1560
reacts,1561
brett,1562
options,1563
step,1564
uncle,1565
alltime,1566
building,1567
peg,1568
exemption,1569
simplicity,1570
represented,1571
dream,1572
rumor,1573
technologynnwhile,1574
know,1575
52week,1576
bitstrips,1577
xbox,1578
book,1579
generate,1580
commercialization,1581
example,1582
entrants,1583
ambitious,1584
infrared,1585
tiers,1586
201718e,1587
ups,1588
pertains,1589
feasibility,1590
probably,1591
dumping,1592
sufficient,1593
cutting,1594
monthsnnthat,1595
peaked,1596
515inches,1597
safety,1598
random,1599
import,1600
announcementnnin,1601
quicktomarket,1602
runnerup,1603
valuations,1604
erosionnn22,1605
niche,1606
volumenn135100,1607
part,1608
website,1609
lpp,1610
stewards,1611
nnsetting,1612
widely,1613
confidence,1614
prime,1615
artificial,1616
protections,1617
significantly,1618
manipulator,1619
sap,1620
capitalization,1621
2017nncutting,1622
compx,1623
giants,1624
economics,1625
secret,1626
deeply,1627
telcos,1628
length,1629
200periodnnclose,1630
angle,1631
jessie,1632
fivestar,1633
represent,1634
450nnthat,1635
patent,1636
inapp,1637
full,1638
protecting,1639
hasnt,1640
2142013nnon,1641
manager,1642
actions,1643
vulnerable,1644
fine,1645
moat,1646
domestic,1647
new,1648
gone,1649
fun,1650
earn,1651
faced,1652
speculation,1653
businessnnsource,1654
conclusion,1655
prioryearnnthe,1656
humming,1657
rid,1658
dipsnncowen,1659
2and1,1660
freetwoday,1661
pays,1662
contributed,1663
secondary,1664
conversation,1665
boosting,1666
change,1667
lack,1668
framework,1669
winner,1670
speak,1671
consensus,1672
overall,1673
vision,1674
pricenna4,1675
cagr,1676
relative,1677
steps,1678
south,1679
strength,1680
basically,1681
extended,1682
cheaper,1683
rough,1684
crack,1685
stagnant,1686
firstnnnnnnif,1687
boosted,1688
10thgeneration,1689
barriers,1690
directive,1691
believed,1692
experience,1693
explanation,1694
package,1695
marketing,1696
bundle,1697
schools,1698
cook,1699
robust,1700
investorplace,1701
5152014nnon,1702
requirements,1703
usnnon,1704
land,1705
citing,1706
adept,1707
nearterm,1708
join,1709
integrated,1710
surrounding,1711
officially,1712
iphonennalternatively,1713
different,1714
stop,1715
hig,1716
lost,1717
vastly,1718
hot,1719
pie,1720
morning,1721
subscription,1722
web,1723
compensate,1724
wistron,1725
ex,1726
equals,1727
convey,1728
days,1729
written,1730
depends,1731
premium,1732
telephonennanother,1733
predicting,1734
reuse,1735
yesterday,1736
ubs,1737
personally,1738
msft,1739
oppenheimer,1740
64gb,1741
sne,1742
interchangeable,1743
inevitably,1744
chart,1745
urban,1746
external,1747
communication,1748
acquisition,1749
californiabased,1750
shutter,1751
platformnn2,1752
includes,1753
speech,1754
actively,1755
developers,1756
outcome,1757
downtrend,1758
contrarian,1759
membersnnthese,1760
accordingly,1761
seasonality,1762
negotiate,1763
advocated,1764
matters,1765
newnnnote,1766
heinz,1767
tesla,1768
name,1769
ripe,1770
flames,1771
nextnnif,1772
americans,1773
imbalance,1774
wrong,1775
specious,1776
smartphonennthe,1777
hold,1778
effects,1779
scenariosnni,1780
premise,1781
v3,1782
treesnnvideo,1783
twomonth,1784
improves,1785
250k,1786
miles,1787
richer,1788
peace,1789
amazoncom,1790
decisions,1791
timothy,1792
roll,1793
outlined,1794
statistically,1795
verification,1796
patented,1797
a10,1798
asserting,1799
matter,1800
icloudtv,1801
downloadable,1802
valuable,1803
avatarcreating,1804
told,1805
515inchnniphone,1806
megapixel,1807
susquehanna,1808
annually,1809
february,1810
drive,1811
receive,1812
super,1813
turning,1814
105inch,1815
extraordinary,1816
releasenn21,1817
test,1818
firing,1819
clear,1820
quarter,1821
work,1822
opening,1823
reiterate,1824
plain,1825
model,1826
manually,1827
electronic,1828
dismisses,1829
couldnt,1830
dennis,1831
nnhd,1832
follow,1833
spaceshipshaped,1834
revolution,1835
launched,1836
systemnnkgi,1837
worked,1838
add,1839
squealing,1840
sets,1841
slashed,1842
qq,1843
dow,1844
ownership,1845
notnnthe,1846
question,1847
reversal,1848
revenuennthe,1849
activity,1850
mfg,1851
expense,1852
entirely,1853
late,1854
gaining,1855
reason,1856
parade,1857
expecting,1858
trillion,1859
winning,1860
drum,1861
201719e,1862
manage,1863
quality,1864
guess,1865
curtailed,1866
waited,1867
virtual,1868
droughtresistant,1869
firm,1870
buyback,1871
nintendo,1872
compound,1873
sequential,1874
argumentnn1,1875
break,1876
category,1877
industrial,1878
blackberry,1879
classical,1880
track,1881
warren,1882
innovate,1883
macquarie,1884
anniversary,1885
500k,1886
pointing,1887
fall,1888
inception,1889
key,1890
updated,1891
nok,1892
games,1893
artists,1894
misnamed,1895
thinking,1896
sony,1897
integrate,1898
mwc,1899
2018nnto,1900
physical,1901
america,1902
required,1903
bannncook,1904
nnduring,1905
says,1906
located,1907
expand,1908
billofmaterial,1909
biggernnapple,1910
trajectory,1911
sachs,1912
confused,1913
nnpraising,1914
pressured,1915
cloud,1916
tests,1917
compete,1918
elongation,1919
leennwith,1920
stocknnno,1921
arnnthe,1922
leaves,1923
aggregated,1924
subsequently,1925
biggest,1926
liquidfilled,1927
sandwich,1928
global,1929
pulls,1930
chinese,1931
34171356nnshortterm,1932
individual,1933
technologynnso,1934
nnentertainment,1935
rumored,1936
ice,1937
bar,1938
thesis,1939
chiming,1940
storage,1941
morgan,1942
discussion,1943
a11,1944
percentage,1945
yearnnnot,1946
versus,1947
q217,1948
imply,1949
lossnnview,1950
factored,1951
traditionally,1952
price,1953
063nnturning,1954
scorecard,1955
skew,1956
creation,1957
008nnthere,1958
extension,1959
barclaysnnmoskowitz,1960
despite,1961
approaching,1962
correct,1963
beating,1964
announcing,1965
unknown,1966
buildings,1967
planned,1968
nokia,1969
predict,1970
amoled,1971
bands,1972
protection,1973
eliminate,1974
tradition,1975
gearing,1976
shying,1977
buying,1978
sway,1979
wins,1980
campaigns,1981
peersnnin,1982
shift,1983
subscribers,1984
considerednnyour,1985
vendors,1986
totals,1987
imaging,1988
talk,1989
monthsnnfurthermore,1990
additions,1991
applenni,1992
problems,1993
names,1994
famously,1995
existed,1996
concludesnnas,1997
wrap,1998
commands,1999
sharesnnit,2000
october,2001
count,2002
models,2003
believe,2004
distinct,2005
carplay,2006
quadrupled,2007
mingchi,2008
goes,2009
compare,2010
greenlight,2011
se,2012
blockbuster,2013
sustainable,2014
ads,2015
4star,2016
creates,2017
areas,2018
excite,2019
brings,2020
political,2021
censures,2022
brink,2023
account,2024
saidnnwatch,2025
territory,2026
server,2027
overweight,2028
prolonged,2029
takasugi,2030
approximately,2031
germanybased,2032
discussingnnthus,2033
greenblatt,2034
highlighting,2035
incorporated,2036
celebratory,2037
dynamic,2038
reuters,2039
kill,2040
decade,2041
14period,2042
indicatorsnnmomentum,2043
stumbled,2044
timennsales,2045
types,2046
nougat,2047
workday,2048
electric,2049
image,2050
cap,2051
ideal,2052
topline,2053
desktops,2054
exploded,2055
thin,2056
measures,2057
email,2058
runs,2059
curved,2060
complete,2061
startups,2062
campaign,2063
cho,2064
granular,2065
whispers,2066
onnnthe,2067
9to5macnnapple,2068
betterthanexpected,2069
ministrynnalso,2070
flirt,2071
activates,2072
industrialization,2073
sophisticated,2074
outlooknnshort,2075
nnwidth336px,2076
analysts,2077
fy16,2078
program,2079
investment,2080
wish,2081
11000nnon,2082
iphones,2083
55inch,2084
sense,2085
termnnnext,2086
semiconductor,2087
cds,2088
impact,2089
gamechanging,2090
dcf,2091
dilution,2092
bears,2093
planningnndevelopers,2094
iwe,2095
shortly,2096
unprofitable,2097
stick,2098
conforms,2099
323share,2100
managementnnsource,2101
hiked,2102
bonds,2103
mixshift,2104
counterarguments,2105
analyst,2106
rumors,2107
encroaching,2108
windows,2109
refresh,2110
tv,2111
inability,2112
seventh,2113
wednesday,2114
ytd,2115
end,2116
yers,2117
herenndisclosure,2118
texted,2119
storesnnwarren,2120
systems,2121
displaynnas,2122
savings,2123
nnhowever,2124
13983nnthe,2125
macnnmeanwhile,2126
google,2127
offnn44,2128
choice,2129
mentions,2130
escalated,2131
occurred,2132
fourthquarter,2133
3d,2134
5162013nnon,2135
spot,2136
faster,2137
laser,2138
arrived,2139
service,2140
fastgraphsnnthe,2141
multiplying,2142
middle,2143
authorsnnvalueadded,2144
reserves,2145
yeart0date,2146
receiving,2147
collectively,2148
hypothetical,2149
rapid,2150
repurchase,2151
deciding,2152
surveillance,2153
traditional,2154
solidify,2155
surgennb3,2156
asp,2157
unveils,2158
fell,2159
nntesla,2160
materializennit,2161
fang,2162
entrenched,2163
donated,2164
big,2165
performance,2166
mobil,2167
weaknessstrength,2168
hana,2169
controversial,2170
mimics,2171
public,2172
small,2173
growthnnadditionally,2174
delivering,2175
internet,2176
trigger,2177
markets,2178
jr,2179
portrait,2180
peculiar,2181
actual,2182
launches,2183
solves,2184
street,2185
attracting,2186
provided,2187
kathryn,2188
yielding,2189
musk,2190
decline,2191
2020nnhowever,2192
total,2193
shed,2194
sensing,2195
dropping,2196
highernni,2197
joint,2198
limit,2199
billionthe,2200
concerned,2201
fueled,2202
perfect,2203
manual,2204
xmm,2205
tweaked,2206
capability,2207
batteries,2208
hurts,2209
nine,2210
declinennthis,2211
impossible,2212
eventual,2213
buyer,2214
advertising,2215
heightened,2216
sneak,2217
joel,2218
contribute,2219
listed,2220
incentive,2221
2h17,2222
hikes,2223
bln,2224
enter,2225
softwareintensive,2226
advantage,2227
amazon,2228
repatriation,2229
assumptionsnnfurthermore,2230
emerging,2231
smartphonesnnmobile,2232
lineupnnlet,2233
seriesnni,2234
real,2235
offeringsnncompetition,2236
handled,2237
marketsnni,2238
unfair,2239
ninepart,2240
pushing,2241
reachnnif,2242
assumption,2243
envision,2244
make,2245
site,2246
fruitionnnwhy,2247
caterpillar,2248
lawsuit,2249
compsnni,2250
unfortunately,2251
tokenization,2252
major,2253
aprilnnapple,2254
initial,2255
role,2256
right,2257
comply,2258
explosionnnthe,2259
diversity,2260
privy,2261
stand,2262
x12,2263
incentivized,2264
approach,2265
area,2266
commentary,2267
things,2268
displeasure,2269
13500nnon,2270
laws,2271
facing,2272
20month,2273
vital,2274
payout,2275
headlines,2276
tells,2277
co,2278
manufacturing,2279
blend,2280
maintained,2281
icloudbased,2282
hugely,2283
publishers,2284
businessnndurable,2285
instituted,2286
excited,2287
movingnnintermediate,2288
chaos,2289
local,2290
loss,2291
summer,2292
fullyear,2293
usd,2294
consultants,2295
frankfurt,2296
bottoms,2297
addressed,2298
sport,2299
pathsnn5,2300
recovery,2301
pull,2302
immediate,2303
situation,2304
flash,2305
derisk,2306
depth,2307
implement,2308
sooner,2309
eod,2310
electrical,2311
candle,2312
projection,2313
sides,2314
iosnnthe,2315
stark,2316
nnsince,2317
argue,2318
territorynnapple,2319
insider,2320
billionnnare,2321
shipments,2322
tipranksnnso,2323
code,2324
optionsnndate,2325
issue,2326
curious,2327
researchnnmore,2328
caller,2329
drag,2330
2017nnif,2331
aspects,2332
years,2333
icloud,2334
italy,2335
ipadmacbook,2336
appeared,2337
raised,2338
nnsamsung,2339
prospect,2340
hopes,2341
read,2342
research,2343
changed,2344
alpha,2345
drivernn23,2346
cub,2347
14155nnbuy,2348
implementation,2349
nnultimately,2350
constantly,2351
filing,2352
kept,2353
developments,2354
atstreetauthoritycomnnmore,2355
marchnnapple,2356
beijing,2357
bubble,2358
enclave,2359
complement,2360
twoweek,2361
meme,2362
facility,2363
nnon,2364
baseband,2365
suitnnclsa,2366
lpe,2367
ad,2368
410mm,2369
motor,2370
winding,2371
sincennwhat,2372
revealed,2373
ofnnblackberry,2374
upgraders,2375
raise,2376
shipment,2377
flop,2378
macy,2379
campusnn3,2380
penney,2381
nextgen,2382
inbox,2383
simply,2384
buoyed,2385
starring,2386
claimed,2387
undertaken,2388
texas,2389
scanner,2390
appsearch,2391
tweeted,2392
stream,2393
tracked,2394
14169nnamazon,2395
lines,2396
inclusion,2397
life,2398
usually,2399
stocks,2400
4q17,2401
true,2402
followed,2403
favorability,2404
unwind,2405
illfated,2406
cease,2407
fewer,2408
puts,2409
opposition,2410
sort,2411
kuo,2412
official,2413
materials,2414
changing,2415
speculates,2416
todaynnthe,2417
heavily,2418
upwardsnnshort,2419
potential,2420
scenarios,2421
percentnnhere,2422
officer,2423
sits,2424
smartphones,2425
reported,2426
invested,2427
closely,2428
nonsamsung,2429
wars,2430
buys,2431
normal,2432
549nnwith,2433
massive,2434
competing,2435
pricesnnit,2436
boyfriend,2437
maintains,2438
rate,2439
companynnfacebook,2440
common,2441
implied,2442
susan,2443
weeknnso,2444
virtuous,2445
bring,2446
11142013nnon,2447
indispensable,2448
megawatts,2449
devices,2450
platformasaservice,2451
outclassing,2452
sma,2453
microtechnology,2454
utilize,2455
offering,2456
display,2457
promised,2458
quarternnhence,2459
surpassing,2460
noting,2461
tokyo,2462
writtenif,2463
works,2464
simplify,2465
headquarters,2466
series,2467
perspective,2468
downside,2469
slowing,2470
mere,2471
seeking,2472
india,2473
consumers,2474
net,2475
run,2476
tops,2477
encourage,2478
clamoring,2479
musing,2480
pan,2481
needed,2482
valuing,2483
revise,2484
likely,2485
germany,2486
fidelity,2487
discount,2488
drivers,2489
went,2490
losers,2491
harman,2492
nndeutsche,2493
tackle,2494
capacity,2495
tiersnnsource,2496
rising,2497
constraints,2498
targetnnfor,2499
12647nnthe,2500
bullishnnmoving,2501
familiar,2502
advantagenn3,2503
incumbent,2504
jcp,2505
nnimage,2506
list,2507
tipsnni,2508
prospective,2509
coverage,2510
goals,2511
computation,2512
tiger,2513
sedan,2514
investor,2515
ebooks,2516
bree,2517
vanishnngone,2518
adding,2519
transferred,2520
acquisitions,2521
calculates,2522
disney,2523
operations,2524
johnny,2525
100mm,2526
consolidated,2527
bollinger,2528
shutterstocknnwhile,2529
heading,2530
competitively,2531
wring,2532
buildingnn7,2533
apple,2534
note,2535
differences,2536
inciting,2537
vast,2538
twitter,2539
eyeing,2540
asia,2541
swiftly,2542
attempting,2543
unlikely,2544
beginning,2545
growthnnthis,2546
seriously,2547
leng,2548
adpost,2549
did,2550
forecast,2551
stopped,2552
doesn,2553
indiannindia,2554
reiterating,2555
50k,2556
growthnn31,2557
modemsnnintel,2558
assetsnnlaffont,2559
zhang,2560
oscillatornnone,2561
beat,2562
inventory,2563
considered,2564
technoogy,2565
cycle,2566
travel,2567
hear,2568
monster,2569
royalty,2570
usdnnthe,2571
intangible,2572
ratio,2573
science,2574
hr,2575
briefly,2576
established,2577
saving,2578
deserves,2579
deploying,2580
processor,2581
way,2582
ipod,2583
dispositions,2584
sound,2585
strongly,2586
premiumnnso,2587
q4,2588
provides,2589
boeing,2590
blackberrynnmwc,2591
nnaccording,2592
population,2593
par,2594
intended,2595
highly,2596
10year,2597
opting,2598
leading,2599
given,2600
jnj,2601
reasonable,2602
wwdc,2603
p10,2604
bagnnin,2605
bias,2606
call,2607
applying,2608
resulting,2609
sign,2610
foreigners,2611
californianative,2612
stylus,2613
worldpanel,2614
comfortably,2615
unleash,2616
reiterates,2617
opposite,2618
narrows,2619
worries,2620
yearly,2621
gdp,2622
fedex,2623
individuals,2624
sidelines,2625
pullback,2626
speakersnngoogle,2627
wednesdaynnjobs,2628
makes,2629
transition,2630
capable,2631
tend,2632
tougher,2633
ipay,2634
wall,2635
era,2636
young,2637
locomotives,2638
substantially,2639
indefinitelynna2,2640
months,2641
monthsnnnnnnapple,2642
three,2643
durable,2644
error,2645
averse,2646
pretty,2647
barrels,2648
proposal,2649
view,2650
grow,2651
incnntrading,2652
takes,2653
huawei,2654
executive,2655
intermediatelongterm,2656
incnnsap,2657
nasdaq,2658
temporary,2659
nntechnology,2660
aggregate,2661
remains,2662
economy,2663
millionsquarefoot,2664
marginsnnon,2665
noticed,2666
24nnrelatednnas,2667
nongaap,2668
man,2669
failed,2670
shipmentpricing,2671
salesnnaapl,2672
impressive,2673
extrapolate,2674
nnfiled,2675
supplement,2676
frequently,2677
network,2678
itunes,2679
attractive,2680
gore,2681
reinitiating,2682
video,2683
lofty,2684
camera,2685
organic,2686
programming,2687
computers,2688
infiltrated,2689
honour,2690
consists,2691
belownnbut,2692
sheetnnapple,2693
complimented,2694
start,2695
engulfing,2696
solidly,2697
accepting,2698
consensusnnfinal,2699
visual,2700
jim,2701
owners,2702
mashable,2703
prior,2704
trades,2705
llc,2706
api,2707
overheating,2708
countrynnin,2709
3x,2710
sleeve,2711
rose,2712
sudden,2713
nnrumor,2714
cookies,2715
cdmacapable,2716
subjective,2717
fallen,2718
tens,2719
gotten,2720
diode,2721
terms,2722
berkshire,2723
q417,2724
panelsnn2,2725
rating,2726
resume,2727
onetime,2728
increasingly,2729
eradicates,2730
performancennfurthermore,2731
asserts,2732
radically,2733
failing,2734
reach,2735
rownninstead,2736
skusnnwalking,2737
remember,2738
vehicles,2739
periodnnmoreover,2740
wthree,2741
supplier,2742
overtaken,2743
prudent,2744
respectivelynnsource,2745
growthnn3,2746
distributes,2747
impress,2748
handsomely,2749
balance,2750
friday,2751
clone,2752
118this,2753
side,2754
examples,2755
hearsay,2756
bit,2757
courtesy,2758
bump,2759
acquired,2760
tsmc,2761
moving,2762
relationship,2763
optimistic,2764
managers,2765
telephone,2766
issueleng,2767
shareholder,2768
blog,2769
reboundnntoday,2770
conditions,2771
brandsnnapple,2772
fy14,2773
growth,2774
generator,2775
14231nntesla,2776
commented,2777
runup,2778
serious,2779
technologynnthe,2780
bullish,2781
apparent,2782
260mm,2783
virtually,2784
bars,2785
symantec,2786
understanding,2787
heart,2788
chipsnnhowever,2789
nnsource,2790
divergence,2791
13029nnthough,2792
software,2793
force,2794
likes,2795
overboughtoversold,2796
exact,2797
november,2798
chemical,2799
burn,2800
september,2801
backing,2802
china,2803
spike,2804
nndividend,2805
consequences,2806
material,2807
previous,2808
checking,2809
justice,2810
335mm,2811
nnnot,2812
fields,2813
rolling,2814
keeping,2815
warrants,2816
completion,2817
discovery,2818
dragged,2819
marshmallow,2820
timenndoes,2821
holdings,2822
consistently,2823
yoy,2824
nnheight250px,2825
describes,2826
surprisingly,2827
company,2828
repurchases,2829
frenzy,2830
eyepopping,2831
headphone,2832
elevated,2833
checkout,2834
yearsnnsource,2835
vector,2836
access,2837
earns,2838
died,2839
hedge,2840
act,2841
bezels,2842
stronger,2843
moves,2844
higher,2845
away,2846
amount,2847
firms,2848
decadelong,2849
aware,2850
nntransgender,2851
amid,2852
pods,2853
critical,2854
guidance,2855
dawning,2856
longshort,2857
directed,2858
derived,2859
factories,2860
thrive,2861
recent,2862
appreciated,2863
namennapple,2864
imac,2865
viewed,2866
progressively,2867
yearoutnnin,2868
mix,2869
criticized,2870
ready,2871
team,2872
edit,2873
domain,2874
eg,2875
innings,2876
availablennrumors,2877
cite,2878
set,2879
peak,2880
retaliationnna,2881
older,2882
servicennimagazine,2883
reasonablennto,2884
carrying,2885
fastest,2886
tenth,2887
regularly,2888
expressions,2889
duo,2890
10956nnvolatility,2891
stolen,2892
standpoint,2893
applennmany,2894
speculativennif,2895
captivity,2896
yields,2897
ate,2898
processors,2899
twoyear,2900
accounted,2901
reinvestment,2902
exist,2903
nnadditionally,2904
purposes,2905
businessnnindeed,2906
recognition,2907
suppress,2908
photosnnall,2909
jabs,2910
relates,2911
forever,2912
tensions,2913
storagennburberry,2914
vehicle,2915
catching,2916
solar,2917
supplied,2918
customers,2919
siri,2920
studying,2921
occupiesnnthat,2922
confirmation,2923
valueoriented,2924
30nnthe,2925
inputs,2926
draw,2927
phonennnext,2928
authority,2929
interact,2930
speed,2931
listing,2932
yy,2933
fail,2934
alltimehigh,2935
thomson,2936
purchase,2937
customize,2938
touch,2939
increasenngiven,2940
techsnn33,2941
sector,2942
touched,2943
allglass,2944
believes,2945
wearable,2946
penetration,2947
philippe,2948
students,2949
abounding,2950
straight,2951
1stage,2952
buttons,2953
infinite,2954
proverbial,2955
tried,2956
tax,2957
reduced,2958
forcing,2959
creating,2960
concludes,2961
comes,2962
shifts,2963
nnthen,2964
consultant,2965
partly,2966
allocationnnthough,2967
statista,2968
production,2969
asphalt,2970
10th,2971
streaming,2972
millionsquarefeet,2973
compose,2974
doomed,2975
forming,2976
systematically,2977
talentnn4,2978
inventergy,2979
headwinds,2980
monday,2981
feature,2982
nnas,2983
ramp,2984
smartphone,2985
productquality,2986
annualquarterly,2987
rock,2988
mean,2989
returned,2990
investing,2991
american,2992
important,2993
interactive,2994
increased,2995
dominate,2996
expect,2997
5gnnboth,2998
emerges,2999
post,3000
industry,3001
easily,3002
itnnthanks,3003
laptops,3004
bunch,3005
llcnnnetflix,3006
foundation,3007
anticipated,3008
ban,3009
understandingnn2,3010
office,3011
usnn41,3012
releasing,3013
hard,3014
growable,3015
modular,3016
applies,3017
elimination,3018
steady,3019
effectiveness,3020
71403331bn,3021
reliable,3022
unrealistic,3023
125nnfrom,3024
incnnlaffont,3025
explainnnwe,3026
huge,3027
doubtful,3028
accounting,3029
finger,3030
wmt,3031
admobil,3032
protect,3033
hasn,3034
wrote,3035
leader,3036
highsnnas,3037
averagennwhen,3038
sold,3039
trading,3040
raw,3041
equationnnconversely,3042
generating,3043
whomnnon,3044
appreciate,3045
scale,3046
fx,3047
concerns,3048
flagship,3049
oscillator,3050
afford,3051
greater,3052
intents,3053
wants,3054
internal,3055
explosion,3056
improvements,3057
ives,3058
updates,3059
indicates,3060
demonstrate,3061
exxon,3062
galvanized,3063
dont,3064
understand,3065
premarket,3066
skyhigh,3067
candles,3068
component,3069
yield,3070
imagined,3071
standard,3072
israelnnrealface,3073
millions,3074
base,3075
chipsnnwhen,3076
intelligence,3077
prepaid,3078
knowles,3079
active,3080
border,3081
overseas,3082
releasennwhat,3083
200period,3084
sprawling,3085
pay,3086
415mm,3087
losses,3088
introductionnnmuch,3089
invalid,3090
caught,3091
insiders,3092
nnclouds,3093
convince,3094
ensued,3095
stigma,3096
withstand,3097
fact,3098
doubt,3099
walldorf,3100
sheet,3101
determination,3102
plannnhd,3103
divided,3104
feng,3105
threw,3106
occurs,3107
22198196nntechnical,3108
adjusted,3109
tier,3110
ppi,3111
antidiscrimination,3112
nntwo,3113
duallens,3114
3gb,3115
response,3116
charge,3117
spurtnnoverall,3118
clarity,3119
strongbuynndividend,3120
innovation,3121
cant,3122
point,3123
sees,3124
46share,3125
significant,3126
shrinking,3127
recommendation,3128
aerospace,3129
done,3130
pct,3131
study,3132
elsennhere,3133
product,3134
unveil,3135
erosion,3136
sit,3137
forecasted,3138
hovered,3139
spewing,3140
advice,3141
idc,3142
stocknnthe,3143
describe,3144
insane,3145
implies,3146
israeli,3147
perform,3148
dividendsnnkaching,3149
signon,3150
compelling,3151
attention,3152
hill,3153
legislature,3154
boring,3155
reportnnapple,3156
suit,3157
flex,3158
yearnnit,3159
eye,3160
allows,3161
solarcity,3162
marketnna,3163
smartphonesnnthe,3164
declining,3165
wraparound,3166
bathroom,3167
centers,3168
effort,3169
design,3170
helped,3171
desktop,3172
development,3173
jetcom,3174
lite,3175
shrink,3176
mogul,3177
favorite,3178
australia,3179
whisper,3180
private,3181
bank,3182
transmitter,3183
thousands,3184
services,3185
modifications,3186
revs,3187
agricultural,3188
proposed,3189
chips,3190
sure,3191
recall,3192
acceptance,3193
fully,3194
crazy,3195
trendforce,3196
objects,3197
walk,3198
million,3199
formats,3200
belowaverage,3201
100000squarefoot,3202
cents,3203
transactions,3204
devicesnnalphabet,3205
rougennapple,3206
exclusivity,3207
meaningfully,3208
ran,3209
cancel,3210
goal,3211
valuewalknnmany,3212
discrimination,3213
capture,3214
kmart,3215
performing,3216
positivennthe,3217
dramatic,3218
wisennsummarynnwe,3219
yearnnbearing,3220
x16,3221
standouts,3222
moved,3223
stances,3224
manufactures,3225
totalnnintel,3226
products,3227
differ,3228
applications,3229
alert,3230
restroom,3231
commercial,3232
banking,3233
340mm,3234
words,3235
regarding,3236
revenuegross,3237
visitor,3238
payment,3239
nntrump,3240
lose,3241
tell,3242
improvement,3243
broken,3244
strike,3245
estimated,3246
session,3247
futures,3248
beneath,3249
threshold,3250
introduced,3251
reduction,3252
prediction,3253
ultimate,3254
give,3255
bbry,3256
swift,3257
favourably,3258
early,3259
twoyears,3260
punch,3261
cupertinobased,3262
decided,3263
ofnntsmc,3264
brief,3265
deemed,3266
reportednnplease,3267
rulings,3268
content,3269
weeks,3270
50cm,3271
allnew,3272
bezelfree,3273
reflection,3274
earningsnnintel,3275
plussized,3276
newsletternnalso,3277
storennit,3278
channel,3279
indicator,3280
growing,3281
offset,3282
perch,3283
natively,3284
reached,3285
of174,3286
delta,3287
wonderful,3288
iphonennglory,3289
s3,3290
type,3291
trillionnnthat,3292
differs,3293
announcements,3294
bootnnfor,3295
academics,3296
concerning,3297
nobrainernnplease,3298
aces,3299
help,3300
indian,3301
mainland,3302
filed,3303
revenuennthis,3304
enjoy,3305
investorsnnmore,3306
goods,3307
smartphonesnnaccording,3308
considering,3309
percent,3310
signal,3311
joining,3312
modemnnthe,3313
executives,3314
fiksu,3315
reality,3316
packing,3317
spotlighting,3318
2019e,3319
followon,3320
10period,3321
facts,3322
introduce,3323
delivery,3324
route,3325
wacc,3326
tremendous,3327
available,3328
suppose,3329
enable,3330
hp,3331
comparing,3332
drop,3333
sharennadd,3334
constant,3335
availability,3336
nature,3337
apartnnthe,3338
aapl,3339
combines,3340
hype,3341
bac,3342
gestures,3343
consumption,3344
khc,3345
publishingnnapple,3346
fundamental,3347
facebook,3348
assume,3349
ios,3350
musthave,3351
opposed,3352
policies,3353
incorporates,3354
unique,3355
month,3356
nn,3357
updatennthirdparty,3358
analytics,3359
yearold,3360
having,3361
publication,3362
momentum,3363
famous,3364
strides,3365
california,3366
adopted,3367
2016nnwith,3368
kong,3369
median,3370
limited,3371
langan,3372
faith,3373
millionaires,3374
largely,3375
modem,3376
reveal,3377
refurbished,3378
shutting,3379
premises,3380
engage,3381
four,3382
ensure,3383
winnnhow,3384
situationnnin,3385
sending,3386
reader,3387
devote,3388
bolster,3389
entire,3390
march,3391
cash,3392
biometric,3393
captivated,3394
released,3395
stationed,3396
bullishnnmomentum,3397
falling,3398
policy,3399
joins,3400
overblown,3401
especially,3402
thankfully,3403
lets,3404
driven,3405
destroy,3406
risers,3407
researchnnclearly,3408
article,3409
etfs,3410
levels,3411
handsnnplease,3412
xi,3413
tsm,3414
replenishment,3415
moderation,3416
endtoend,3417
pursuit,3418
upgrades,3419
7313852bn,3420
faculty,3421
buffet,3422
macd,3423
2018nnrusch,3424
counter,3425
presumably,3426
rival,3427
apprehension,3428
budget,3429
aimed,3430
country,3431
planet,3432
dominance,3433
scribner,3434
fitbit,3435
icloudrelated,3436
jobs,3437
unlocked,3438
keep,3439
conviction,3440
ramping,3441
201620e,3442
european,3443
pacific,3444
sequentially,3445
businessnnthe,3446
averages,3447
wallet,3448
traded,3449
sprint,3450
structure,3451
council,3452
treefilled,3453
putting,3454
payable,3455
priceearnings,3456
releases,3457
two,3458
customdesigned,3459
veteran,3460
061nnturning,3461
administration,3462
58inchesnnto,3463
built,3464
long,3465
materially,3466
labor,3467
spaceship,3468
promotional,3469
spent,3470
presently,3471
screen,3472
sources,3473
obamannlast,3474
reward,3475
differentiation,3476
heartstopping,3477
elaborate,3478
expert,3479
workings,3480
receiver,3481
designs,3482
independent,3483
owner,3484
worldnnapple,3485
happenednnwhile,3486
low,3487
telecommunications,3488
spring,3489
top,3490
mature,3491
attacked,3492
jump,3493
city,3494
totally,3495
instance,3496
spacennnext,3497
cream,3498
core,3499
minds,3500
domains,3501
stance,3502
gapped,3503
expected,3504
basis,3505
opportunity,3506
1000nnthe,3507
tracking,3508
technologies,3509
obama,3510
declines,3511
subsidiary,3512
serviceother,3513
push,3514
restore,3515
topics,3516
lives,3517
regulatory,3518
youtube,3519
yearsnn,3520
click,3521
greatest,3522
employees,3523
switch,3524
alarms,3525
location,3526
gottliebnnweekly,3527
holder,3528
acquire,3529
g6,3530
trademark,3531
subsequent,3532
leaders,3533
alerts,3534
sells,3535
movesnnapple,3536
primesense,3537
got,3538
pause,3539
qualitatively,3540
six,3541
plc,3542
modestlynn34,3543
branch,3544
slow,3545
increasing,3546
supportresistancennapple,3547
tsla,3548
eke,3549
show,3550
wireless,3551
saying,3552
won,3553
contribution,3554
anticipates,3555
explained,3556
applenncapable,3557
deceleration,3558
globalization,3559
back,3560
insights,3561
welcoming,3562
follows,3563
accurate,3564
glass,3565
alexapowered,3566
producer,3567
slowdown,3568
conditioning,3569
immediately,3570
yearoveryear,3571
clearer,3572
position,3573
caused,3574
breakaway,3575
halt,3576
xiomi,3577
offerings,3578
quarternnaapl,3579
forge,3580
arguments,3581
underlying,3582
published,3583
interesting,3584
isn,3585
stepup,3586
1h17,3587
stabilizennapple,3588
factors,3589
steadily,3590
steamrolling,3591
currently,3592
future,3593
quantitatively,3594
assessment,3595
phablets,3596
nnwhat,3597
imessage,3598
pillars,3599
sounds,3600
scanning,3601
reports,3602
knows,3603
comparisonsnn4,3604
solutions,3605
presentation,3606
installed,3607
investors,3608
committed,3609
tenfold,3610
trick,3611
environment,3612
neutral,3613
assistant,3614
thinner,3615
square,3616
school,3617
partially,3618
cannibalizing,3619
authentication,3620
countries,3621
sentiment,3622
unanimity,3623
ultrapremium,3624
tagged,3625
programs,3626
requiring,3627
gigabytes,3628
qualcomm,3629
inclusive,3630
bandnnwhile,3631
cfoceo,3632
emerged,3633
updating,3634
quick,3635
financial,3636
dive,3637
numbers,3638
rallying,3639
hbo,3640
functionalitynnin,3641
perfectly,3642
agree,3643
notes,3644
indiannslowdown,3645
reportsnni,3646
arent,3647
short,3648
stands,3649
demands,3650
halo,3651
cable,3652
innovative,3653
asps,3654
publicnn4,3655
nnwant,3656
language,3657
theory,3658
hand,3659
neutralnnon,3660
bearish,3661
instore,3662
chief,3663
aaplo,3664
patterns,3665
passes,3666
gear,3667
shifting,3668
numbersnnin,3669
watches,3670
wealth,3671
reigns,3672
govt,3673
outlook,3674
surprising,3675
pocketed,3676
worry,3677
nnview,3678
index,3679
christopher,3680
sourcing,3681
picture,3682
squeezing,3683
tale,3684
racennchina,3685
caution,3686
adr,3687
pricing,3688
customized,3689
heating,3690
netflix,3691
indiannapple,3692
adsnnexxon,3693
threatening,3694
plusnnno,3695
representing,3696
trial,3697
huberty,3698
selling,3699
keyboards,3700
interested,3701
q416,3702
incnnbuffett,3703
risknnbut,3704
build,3705
kantar,3706
camerannearlier,3707
universal,3708
bisexual,3709
sized,3710
machinennaapl,3711
spoiler,3712
valuewalk,3713
mentioning,3714
expects,3715
repeal,3716
negatively,3717
essence,3718
socalled,3719
250mm,3720
ratings,3721
eu5,3722
locations,3723
nntoday,3724
pros,3725
walmart,3726
number,3727
largecap,3728
renewed,3729
donald,3730
yearsnntechnically,3731
regular,3732
shadow,3733
news,3734
rivals,3735
answered,3736
owning,3737
grassy,3738
ftp,3739
predecessors,3740
billionnnwarren,3741
risk,3742
current,3743
restriction,3744
consistent,3745
enormous,3746
stranded,3747
gm,3748
substratelike,3749
mildly,3750
fy17,3751
makernn,3752
7s,3753
hosted,3754
ing,3755
unprecedented,3756
respect,3757
appletesla,3758
runrate,3759
closed,3760
featurerich,3761
request,3762
munster,3763
bursting,3764
ignored,3765
bought,3766
place,3767
suffer,3768
icloudnetnnthe,3769
specifically,3770
database,3771
icloudnet,3772
pe,3773
jpmorgan,3774
cheap,3775
omaha,3776
limitednnthere,3777
tick,3778
refreshed,3779
smallscreen,3780
embedded,3781
monitored,3782
appx,3783
ditching,3784
ridiculous,3785
time,3786
sale,3787
danger,3788
discover,3789
steal,3790
retail,3791
architecture,3792
adjusting,3793
employs,3794
1546x,3795
figure,3796
arrows,3797
occupation,3798
googlethis,3799
average,3800
understandable,3801
simplicitynnthere,3802
projected,3803
fund,3804
meaningful,3805
minimized,3806
13362nnthe,3807
named,3808
nnbloomberg,3809
approaches,3810
choices,3811
campus,3812
occur,3813
subtract,3814
ipad,3815
forcefully,3816
tweak,3817
reasons,3818
alphabet,3819
assuming,3820
red,3821
nndisclosure,3822
sheetsnnthe,3823
paying,3824
innovations,3825
choosing,3826
odds,3827
investmentsnnin,3828
received,3829
cmcsa,3830
corporate,3831
hnhpf,3832
ringshaped,3833
cited,3834
overlooks,3835
fit,3836
ibookstoresm,3837
suggest,3838
grew,3839
confident,3840
explores,3841
2014nnapple,3842
reportednnapple,3843
left,3844
industries,3845
manufacturers,3846
schoolsnnin,3847
park,3848
inhouse,3849
waterproofing,3850
nnfor,3851
lens,3852
lifted,3853
billion,3854
assets,3855
sustain,3856
tanked,3857
stocknntherefore,3858
performer,3859
covering,3860
seasonal,3861
statement,3862
walking,3863
13264nnthe,3864
modelsnnqualcomm,3865
weeksnnrisks,3866
daily,3867
hovers,3868
oled,3869
overtook,3870
feel,3871
conditionnnwe,3872
inverts,3873
avgo,3874
ic,3875
trait,3876
developer,3877
converted,3878
brisk,3879
stocknntipranks,3880
introduction,3881
undercut,3882
beneficial,3883
shortterm,3884
albert,3885
ways,3886
limits,3887
eddy,3888
melvin,3889
monthly,3890
automatically,3891
motorola,3892
securities,3893
consumer,3894
largest,3895
mistakes,3896
subdued,3897
functionality,3898
handle,3899
normalizing,3900
exiting,3901
purchased,3902
strong,3903
nnwe,3904
paper,3905
chances,3906
mike,3907
muchhyped,3908
stabilize,3909
productnnsecondly,3910
buzzing,3911
programmers,3912
trend,3913
recommendationnnabout,3914
foxconn,3915
derives,3916
snapchat,3917
integrating,3918
discovered,3919
valued,3920
figures,3921
iphonenn,3922
risks,3923
willingness,3924
capital,3925
costs,3926
came,3927
vice,3928
rsi,3929
equivalent,3930
funds,3931
stage,3932
wellknown,3933
mexico,3934
sticky,3935
sennas,3936
reportnniphone,3937
competition,3938
widespread,3939
colin,3940
happens,3941
dollardenominated,3942
reverse,3943
ship,3944
onesnnnote,3945
delays,3946
connection,3947
horizon,3948
duties,3949
competes,3950
jumped,3951
supplying,3952
experiencing,3953
amzn,3954
identify,3955
job,3956
isnt,3957
autopilot,3958
lumentum,3959
moderate,3960
concrete,3961
room,3962
profound,3963
modelsnnnew,3964
peakednn12,3965
salesnnon,3966
connect,3967
underrated,3968
maker,3969
execution,3970
firmware,3971
pcb,3972
weigh,3973
slightly,3974
cloudbased,3975
comp,3976
expectationsnnsource,3977
logic,3978
answer,3979
stated,3980
breaking,3981
ll,3982
orders,3983
collaboration,3984
macrumors,3985
dividend,3986
fooling,3987
offers,3988
asked,3989
keyed,3990
segment,3991
promotion,3992
revisions,3993
profile,3994
nnin,3995
learn,3996
rocketed,3997
lightemitting,3998
mashablennso,3999
buck,4000
grumbling,4001
trade,4002
eric,4003
slight,4004
largescreen,4005
ribbonnnsummarynnapple,4006
q119,4007
corp,4008
suggests,4009
cause,4010
selfie,4011
duke,4012
filled,4013
recommending,4014
art,4015
smoke,4016
investigation,4017
comcast,4018
accustomed,4019
variance,4020
changes,4021
hon,4022
strategy,4023
obsession,4024
returns,4025
generation,4026
exposure,4027
gene,4028
nnfacebook,4029
atthat,4030
stay,4031
engine,4032
window,4033
100this,4034
driver,4035
bothnnthe,4036
launchnnthe,4037
purchasing,4038
rain,4039
faces,4040
comprise,4041
broke,4042
desert,4043
eight,4044
brand,4045
vp,4046
fortunes,4047
corner,4048
cue,4049
usdnnstock,4050
collapsennapple,4051
claim,4052
continues,4053
precision,4054
peripherals,4055
johnson,4056
arcurinnin,4057
ophir,4058
moats,4059
projecting,4060
wording,4061
logistics,4062
energyefficient,4063
acquiring,4064
applennone,4065
succeed,4066
space,4067
buy,4068
avoiding,4069
sidebyside,4070
prosnnthe,4071
shared,4072
14nanometer,4073
pushed,4074
horror,4075
stretch,4076
intriguing,4077
bbc,4078
salesforcecom,4079
chain,4080
management,4081
13624nncandlesticksnna,4082
additional,4083
id,4084
kuonnhe,4085
analysis,4086
500s,4087
ding,4088
adsbygoogle,4089
weird,4090
government,4091
backdrop,4092
opt,4093
comparative,4094
laffont,4095
subscribe,4096
datannbarclays,4097
conservative,4098
olivas,4099
project,4100
nnthat,4101
exactly,4102
contributes,4103
deploy,4104
focused,4105
nnthere,4106
forex,4107
find,4108
grim,4109
cuttingedge,4110
investmentnntech,4111
alliance,4112
longdistance,4113
10nanometer,4114
regardless,4115
expenses,4116
hits,4117
bestperforming,4118
fronts,4119
opportunitynnshould,4120
contending,4121
invest,4122
quarterly,4123
2017nnbrianna,4124
nyse,4125
lifting,4126
needs,4127
picks,4128
contains,4129
50period,4130
culture,4131
gross,4132
revenuenn,4133
interface,4134
waterproof,4135
riptide,4136
tone,4137
going,4138
additionally,4139
observed,4140
tailwind,4141
construction,4142
filings,4143
nnb1,4144
pixabaynnapple,4145
taps,4146
anticipating,4147
require,4148
increasednnagain,4149
forms,4150
favorable,4151
helps,4152
gain,4153
delayed,4154
colornnmoreover,4155
importantly,4156
chance,4157
trouble,4158
segments,4159
phones,4160
entry,4161
iq,4162
striking,4163
1040nnlong,4164
blocking,4165
accessory,4166
impressivennfacebook,4167
indicate,4168
oscars,4169
256gb,4170
redirect,4171
equating,4172
premisesnn,4173
robertson,4174
anticipate,4175
orcl,4176
maxwidth,4177
backhalf,4178
acknowledges,4179
known,4180
spread,4181
spotify,4182
altogether,4183
mizuho,4184
weeknnnext,4185
strategies,4186
killing,4187
xcerion,4188
4q,4189
moment,4190
trends,4191
appl,4192
passed,4193
possible,4194
monitor,4195
norms,4196
riley,4197
backtest,4198
munger,4199
nations,4200
prescott,4201
employ,4202
able,4203
walt,4204
suggested,4205
come,4206
outnumbered,4207
plan,4208
stasisnnthis,4209
yes,4210
saturating,4211
impressed,4212
growthnnb2,4213
atrix,4214
2016nnyesterday,4215
enjoyed,4216
unfavorably,4217
enabled,4218
seamlessly,4219
janitors,4220
notably,4221
topped,4222
16gb,4223
accept,4224
languages,4225
skin,4226
doesnt,4227
51k,4228
devastating,4229
continuation,4230
confluence,4231
issues,4232
indiannbut,4233
connector,4234
disturbing,4235
nnadmittedly,4236
coatue,4237
valueadded,4238
white,4239
period,4240
respectively,4241
appears,4242
keyone,4243
leaving,4244
meet,4245
distributions,4246
sights,4247
normalnnopen,4248
seriesnnin,4249
tech,4250
capnnapple,4251
massmarket,4252
black,4253
equipped,4254
brianna,4255
returning,4256
rapidly,4257
bmo,4258
offeringnnconsumer,4259
devoted,4260
payments,4261
perks,4262
income,4263
highend,4264
jones,4265
6s6s,4266
sincennlast,4267
solid,4268
phone,4269
debut,4270
views,4271
respects,4272
oscillators,4273
cofounder,4274
ticked,4275
friendly,4276
await,4277
failures,4278
applennwhile,4279
depot,4280
giant,4281
taxes,4282
crude,4283
attacks,4284
itnnthe,4285
reading,4286
midi,4287
hightech,4288
southern,4289
itnnfour,4290
windowadsbygoogle,4291
decisionnnnn,4292
usual,4293
matches,4294
allocation,4295
emphasis,4296
loses,4297
illustrious,4298
car,4299
uncovering,4300
diminishes,4301
raising,4302
ended,4303
compensation,4304
powered,4305
pack,4306
legendary,4307
finance,4308
worldnneditor,4309
started,4310
miss,4311
sellin,4312
1000seat,4313
enormously,4314
address,4315
founder,4316
bottom,4317
persist,4318
heavy,4319
wasn,4320
projects,4321
amazing,4322
disappointment,4323
wave,4324
respectivelynni,4325
588nnfitbit,4326
concessions,4327
called,4328
berenberg,4329
considerable,4330
soon,4331
hurrah,4332
globally,4333
absent,4334
10695786bn,4335
agonnfrom,4336
organization,4337
history,4338
state,4339
cnbcnntechnology,4340
measure,4341
expressed,4342
assured,4343
capitalintensive,4344
growthnninnovation,4345
stochastic,4346
microsoft,4347
idea,4348
reduce,4349
expectationsnncowen,4350
newsnnthe,4351
icloudcom,4352
mind,4353
fair,4354
pronouncednnthe,4355
developed,4356
closednnihs,4357
plansnnheading,4358
jack,4359
certainly,4360
compares,4361
headwind,4362
eventnnmeanwhile,4363
alter,4364
discrete,4365
happy,4366
smooth,4367
8152013nnon,4368
showing,4369
marking,4370
backend,4371
publicly,4372
letting,4373
closednn,4374
tough,4375
ambitions,4376
crashing,4377
regard,4378
advertisingnnfacebook,4379
skus,4380
law,4381
shareholdersnndoes,4382
luxury,4383
units,4384
stack,4385
2011nnbeyond,4386
basennbut,4387
refused,4388
tapennwant,4389
os,4390
owned,4391
paired,4392
english,4393
pits,4394
revenuennpersonally,4395
hadnnthe,4396
investorsnnyou,4397
unearthing,4398
fcf,4399
grown,4400
showed,4401
put,4402
trickle,4403
popularity,4404
corporation,4405
explosionnnlithiumion,4406
risen,4407
demand,4408
center,4409
forbes,4410
pundits,4411
contributionnnin,4412
q117,4413
58inch,4414
closure,4415
portable,4416
fairy,4417
tomorrow,4418
sheltered,4419
retweeted,4420
verona,4421
sterne,4422
wonder,4423
knockoff,4424
near,4425
music,4426
impeccable,4427
thoughtsnni,4428
ft,4429
upgrading,4430
likewise,4431
hasty,4432
jet,4433
electronics,4434
screenshot,4435
problemsnnthe,4436
composed,4437
value,4438
season,4439
rely,4440
letter,4441
variants,4442
vocal,4443
addressable,4444
64gigabyte,4445
rates,4446
portfolios,4447
shareholding,4448
fiercely,4449
uspto,4450
bitly2lt6h3z,4451
annualized,4452
developmentnnto,4453
criticism,4454
latest,4455
9to5mac,4456
modelnnas,4457
15nnhall,4458
mutual,4459
countrynnwhile,4460
sectors,4461
glassnn,4462
revert,4463
gaps,4464
symbol,4465
busy,4466
generations,4467
indepth,4468
usersnn42,4469
gains,4470
databasesnnon,4471
recordbreaking,4472
brkb,4473
thenpresident,4474
later,4475
fingerprint,4476
remained,4477
bullishnnlong,4478
fails,4479
regain,4480
thirdparty,4481
stayed,4482
47inch,4483
weighing,4484
storennon,4485
chinann13,4486
entirelynntipranks,4487
droptest,4488
revamped,4489
happennnthis,4490
determine,4491
misunderstanding,4492
goog,4493
voters,4494
foreseeable,4495
paas,4496
valid,4497
compact,4498
entertaining,4499
continuum,4500
oppositennrsi,4501
missing,4502
efficiency,4503
hinted,4504
stops,4505
charger,4506
nnup,4507
international,4508
recode,4509
amwe,4510
foster,4511
weak,4512
rick,4513
postelection,4514
sample,4515
qcom,4516
intc,4517
12x,4518
course,4519
herenn,4520
noise,4521
backman,4522
higherend,4523
speaking,4524
personal,4525
investments,4526
posted,4527
behavior,4528
pixel,4529
ceasednnthis,4530
silicon,4531
wary,4532
improved,4533
starting,4534
prices,4535
facilities,4536
yahoo,4537
installations,4538
unit,4539
pattern,4540
native,4541
element,4542
ground,4543
itnnthat,4544
cumulative,4545
oil,4546
think,4547
banks,4548
differentiates,4549
selfies,4550
midtohigh,4551
upnnboth,4552
various,4553
cybersecurity,4554
turbines,4555
ballistic,4556
substantial,4557
5s,4558
advantages,4559
conservatively,4560
bangalore,4561
writing,4562
tower,4563
assembling,4564
volume,4565
ideas,4566
secure,4567
main,4568
awaiting,4569
determines,4570
rake,4571
beatable,4572
6s,4573
analysisnnoverall,4574
wholesalers,4575
dissatisfaction,4576
duration,4577
confers,4578
opec,4579
anythingnnif,4580
queries,4581
jc,4582
comfortable,4583
held,4584
otcmkts,4585
oxfam,4586
regards,4587
mixed,4588
affect,4589
declined,4590
renewable,4591
retailers,4592
corps,4593
overboughtnnapple,4594
editionnnas,4595
wo,4596
market,4597
density,4598
wrestle,4599
biannual,4600
advertisersapple,4601
makennalphabet,4602
negative,4603
similar,4604
expensive,4605
ringing,4606
discuss,4607
issuenn,4608
multiplennthen,4609
times,4610
warning,4611
nonpremium,4612
tap,4613
stockholders,4614
result,4615
makers,4616
shot,4617
difference,4618
begun,4619
comtech,4620
imagazine,4621
morningnnagainst,4622
nnshares,4623
currency,4624
centric,4625
arrive,4626
stories,4627
plays,4628
analyze,4629
uptrend,4630
utilities,4631
turned,4632
authentec,4633
coming,4634
holidayshortened,4635
a9x,4636
delves,4637
charged,4638
previously,4639
solution,4640
snapped,4641
phonennthe,4642
digits,4643
progress,4644
exhaustion,4645
weeknni,4646
cost,4647
concentrated,4648
nnif,4649
photosnnwe,4650
checks,4651
reiterated,4652
peep,4653
cycles,4654
productsfeatures,4655
high,4656
better,4657
provider,4658
reminds,4659
parklands,4660
information,4661
optionsnnsources,4662
intel,4663
conservativenni,4664
glassnnsupply,4665
2016nnapple,4666
growthnnbut,4667
hathaway,4668
networking,4669
outperform,4670
smart,4671
covered,4672
setting,4673
intends,4674
closer,4675
stepped,4676
augmented,4677
evaluate,4678
unbiased,4679
earnings,4680
sharing,4681
replacing,4682
united,4683
quickly,4684
repair,4685
effect,4686
cylindersnncompany,4687
julian,4688
san,4689
embed,4690
expectnnwe,4691
generally,4692
discussions,4693
integration,4694
samsung,4695
undoubtedly,4696
reporting,4697
ipads,4698
hurdle,4699
prioryear,4700
gap,4701
customernnnext,4702
cliffnnthis,4703
undervaluednnoverall,4704
downfall,4705
aaplnni,4706
talks,4707
34228272nnshortterm,4708
modelnnthe,4709
turns,4710
nnaapl,4711
wildly,4712
math,4713
yearsnnthe,4714
group,4715
nnforget,4716
changednnon,4717
businesses,4718
cfo,4719
trillionnnmore,4720
fastnnyou,4721
easiest,4722
belownnthus,4723
air,4724
indicated,4725
safetynngiven,4726
constrained,4727
hall,4728
vivo,4729
lownnthe,4730
trying,4731
advanced,4732
express,4733
automotive,4734
struggled,4735
december,4736
fundamentals,4737
upsidennby,4738
comment,4739
upper,4740
servicesnnnext,4741
growthnn,4742
cupertino,4743
acts,4744
believing,4745
composite,4746
gold,4747
department,4748
millionnnxcerion,4749
german,4750
accelerated,4751
directors,4752
reportednnin,4753
multiple,4754
equality,4755
ones,4756
encouraged,4757
turn,4758
battle,4759
taiwan,4760
whynntwo,4761
fixed,4762
machines,4763
flows,4764
losing,4765
respectivelynnin,4766
applennlongterm,4767
devicennsource,4768
parts,4769
mark,4770
jackson,4771
cisco,4772
issued,4773
worldwide,4774
stasis,4775
htc,4776
storesnndividend,4777
leicabranded,4778
easier,4779
memo,4780
aspire,4781
blended,4782
user,4783
world,4784
ventures,4785
quote,4786
cyclesnnat,4787
featured,4788
snapdragon,4789
law360,4790
129inch,4791
earlier,4792
record,4793
cannibalization,4794
havent,4795
integrity,4796
eventually,4797
precisely,4798
convenience,4799
bet,4800
fresh,4801
intend,4802
affected,4803
shipmentsnnon,4804
uncertainty,4805
factoring,4806
argument,4807
shareholdersnngiven,4808
automaker,4809
kraft,4810
fans,4811
jobsinspired,4812
spokesperson,4813
ychartsnnof,4814
blip,4815
secretaries,4816
integritynnfurthermore,4817
portrayed,4818
examine,4819
malware,4820
battleground,4821
took,4822
saturated,4823
companynnsmartphones,4824
clout,4825
catalyst,4826
davd,4827
addition,4828
indicators,4829
east,4830
complexnnthink,4831
overpriced,4832
lucrative,4833
trillionaire,4834
adds,4835
achieve,4836
profilennapple,4837
foray,4838
superficial,4839
ar,4840
cutthroat,4841
fy18,4842
softness,4843
barron,4844
monthsnnright,4845
exhibit,4846
assembly,4847
crossroads,4848
investorplacennthe,4849
players,4850
quarters,4851
workers,4852
reductions,4853
figuring,4854
replacement,4855
weeknnblackberry,4856
points,4857
energy,4858
gave,4859
lowerpriced,4860
prepares,4861
fitness,4862
europe,4863
stainlesssteel,4864
23nnvolume,4865
following,4866
potentially,4867
multiplied,4868
competitors,4869
gem,4870
upping,4871
departments,4872
cob,4873
sidelined,4874
dramatically,4875
power,4876
techverse,4877
completely,4878
iphonennthis,4879
diversify,4880
2017nnsamsung,4881
africa,4882
federal,4883
labeled,4884
downloaded,4885
utilizes,4886
wraps,4887
venue,4888
conferencing,4889
estimates,4890
extremely,4891
itnnboth,4892
buffett,4893
nt,4894
hardware,4895
calculation,4896
linennand,4897
capitalize,4898
xom,4899
yearnnsummarizing,4900
trader,4901
nnturns,4902
essentially,4903
delivers,4904
case,4905
productnnthe,4906
addednnthe,4907
chipmaker,4908
accrues,4909
hit,4910
borderline,4911
nnbuffett,4912
termnn14,4913
best,4914
central,4915
italynnnew,4916
page,4917
separate,4918
exchanges,4919
prepared,4920
write,4921
nnnnflickrnnshares,4922
release,4923
usefulness,4924
takennin,4925
fire,4926
representative,4927
arrives,4928
earningsnnearnings,4929
deals,4930
machine,4931
encapsulated,4932
sharennconclusionnnwith,4933
suggesting,4934
indexes,4935
entertainment,4936
incredibly,4937
wouldnt,4938
eventnnplease,4939
nni,4940
thing,4941
fears,4942
deal,4943
method,4944
worth,4945
economic,4946
lately,4947
third,4948
lee,4949
crowdfunding,4950
nvidia,4951
chose,4952
ideannand,4953
blew,4954
ticker,4955
paid,4956
realm,4957
today,4958
safe,4959
hurtnna,4960
nna,4961
conference,4962
dips,4963
closes,4964
competent,4965
found,4966
againnn32,4967
ir,4968
billionnnof,4969
term,4970
14081nnthe,4971
nflx,4972
vanguard,4973
powering,4974
newer,4975
waiting,4976
relevant,4977
decide,4978
avatars,4979
sentiments,4980
fundsnncheck,4981
competitive,4982
sebuying,4983
sockets,4984
itnnusing,4985
s4,4986
adopt,4987
mirror,4988
modelsnnby,4989
mantle,4990
wise,4991
home,4992
comments,4993
blunt,4994
decembernninstead,4995
removing,4996
einhorn,4997
line,4998
positions,4999
innovationnnwill,5000
garners,5001
10thanniversary,5002
pronnapple,5003
human,5004
justifies,5005
"networksnnapple
",5006
